channel,message_id,date,text
@nevacomputer,8774,2025-06-11 13:56:52+00:00,"**LENOVO X1 YOGA
Processor**: 11th‑Gen Intel Core i7‑1165G7 or i7‑1185G7 (4 cores/8 threads, 2.8–4.7 GHz Turbo, 12 MB cache)  
 • **Memory**: 16 GB LPDDR4x, soldered (non-upgradeable)  
 • **Storage**: 512 GB NVMe PCIe SSD  
 • **Display**: 14″ FHD+ (1920×1200) IPS, 400 nits, 10‑point multi-touch  
 • **Graphics**: Intel Iris Xe integrated  
 • **Convertible Design**: 360° hinge — use as laptop, tablet, tent, or stand  
 • **Pen Included**: Slim integrated stylus in chassis — ideal for note-taking or drawing  
 • **Ports**: 2× Thunderbolt 4 (USB4), 2× USB-A 3.2 (one Always-On), HDMI 2.0, audio jack, Kensington Nano security slot  
 • **Security**: TPM 2.0, fingerprint reader (integrated power button), optional IR camera + privacy shutter  
 • **Build**: Carbon-fiber reinforced chassis, MIL‑STD‑810H durability, ~14.99 mm thick, dimensions ~314 × 223 mm
📩@rasneva ለአጭር መልእክት
 ይደዉሉ ☎️
+251912759900
+251920153333"
@nevacomputer,8772,2025-06-09 21:37:09+00:00,"**🔥 Acer Nitro 5 – Power Meets Performance**

💻 **Display**
🖥️ 15.6” Full HD (1920×1080)
IPS Panel | 🎯 144Hz (smooth gameplay & crisp visuals)

⚙️ **Processor**
🧠 Intel Core i5 🔟th Generation
⚡ Strong performance for gaming, multitasking, and creative work

🎮 **Graphics Card**
🎨 NVIDIA GeForce RTX 3050 Ti
🕹️ 4GB GDDR6 – Play modern games like GTA V, FIFA, COD, Valorant, and more
✨ Real-time Ray Tracing & DLSS for stunning graphics

🧠 **Memory (RAM)**
💾 16GB DDR4 (Upgradeable to 32GB)
🚀 No lag while switching apps or working on heavy tasks

💽 **Storage**
🚀 512GB SSD – super-fast boot-up & game load time
➕ Option to add extra HDD or SSD

🧊 **Cooling System**
❄️ Dual-fan with Acer CoolBoost Technology
🌪️ Keeps your laptop cool during long gaming sessions

⌨️ **Keyboard & Build**
🔴 Red-backlit Keyboard – stylish & easy to game in low light
🟥 Bold, aggressive gaming design

🔌 **Ports & Connectivity**
📶 Wi-Fi 6 + Bluetooth 5.0
🔌 USB-C, HDMI, RJ-45 LAN, USB 3.2 ports

🔋 **Battery Life**
🔋 Up to 5 hours depending on use
⚡ Fast-charging with a 135W–180W power adapter

🔊 **Audio**
🔉 DTS:X Ultra | 3D Spatial Audio
🎧 Immersive sound for gaming and entertainment

⚖️ **Weight**
🧳 Around 2.3kg – tough yet portable for gamers

💡 **Why Choose This Laptop?**
The Acer Nitro 5 is not just a laptop – it’s a powerful, future-ready machine built for gamers, creators, students, and professionals alike. With its **RTX 3050 Ti graphics**, lightning-fast SSD, and a premium display, it delivers a performance that punches way above its price. Whether you’re editing videos, playing AAA games, or working on demanding software — this laptop can handle it all.
📩@rasneva ለአጭር መልእክት
 ይደዉሉ ☎️
+251912759900
+251920153333"
@nevacomputer,8770,2025-06-04 08:36:54+00:00,"**💼 Lenovo ThinkPad X1 Extreme Gen 2 – Power Meets Portability**

**🔧 Key Specifications:**
 • 🧠 **Processor:** Intel® Core™ i7-9750H (6 cores, 12 threads, up to 4.5 GHz)
 • 🎮 **Graphics:** NVIDIA® GeForce® GTX 1650 Max-Q with 4GB GDDR5
 • 💾 **Memory:** 32GB DDR4 RAM (expandable up to 64GB)
 • 💽 **Storage:** 1TB PCIe NVMe SSD (supports dual M.2 drives)
 • 🖥️ **Display:** 15.6” Full HD (1920 x 1080) IPS, anti-glare, 300 nits
 • 🔋 **Battery:** 4-cell, 80Wh Li-ion, up to 6 hours of usage
 • ⚖️ **Weight:** Approximately 1.7 kg (3.75 lbs)    

**🌟 Features:**
 • 🔄 **2-in-1 Convertible Design:** Flexible 360-degree hinge for laptop, tablet, tent, or stand modes
 • 🌐 **Connectivity:** Wi-Fi 6 (802.11ax), Bluetooth® 5.0
 • 🔌 **Ports:** 2 x USB-A 3.1 Gen 1, 2 x Thunderbolt™ 3 (USB-C), HDMI 2.0, SD card reader
 • 🔐 **Security:** Fingerprint reader, IR camera with ThinkShutter privacy cover
 • 🎧 **Audio:** Dolby Atmos® speaker system for immersive sound   

**🧠 Ideal Use Cases:**
 • 👨‍💼 **Professionals:** Robust performance for multitasking and demanding applications
 • 🎨 **Creatives:** Powerful GPU and high-quality display for design and editing tasks
 • 🎮 **Gamers:** Capable of handling modern games at medium to high settings
 • 🎓 **Students:** Lightweight and durable for on-the-go learning and projects
📩@rasneva ለአጭር መልእክት
 ይደዉሉ ☎️
+251912759900
+251920153333"
@nevacomputer,8767,2025-06-04 06:06:15+00:00,"**HP Envy x360 14” (14-es1013dx) – Sleek 2-in-1 Convertible Laptop**

**🔧 Key Specifications:**
 • 🧠 **Processor:** Intel® Core™ 5-120U (10 cores, 12 threads, up to 5.0 GHz)
 • 🧵 **Memory:** 8GB DDR4-3200 MHz (onboard)
 • 💽 **Storage:** 1TB PCIe® NVMe™ M.2 SSD
 • 🖥️ **Display:** 14” FHD (1920x1080) IPS Touchscreen, 300 nits, 62.5% sRGB
 • 🎮 **Graphics:** Intel® Iris® Xe Integrated
 • 🪟 **OS:** Windows 11 Home
 • 🔋 **Battery:** 3-cell, 43 Wh Li-ion
 • ⚖️ **Weight:** Approx. 1.52 kg (3.35 lbs)
 • 🎨 **Color:** Natural Silver Aluminum

⸻

**🌟 Top Features:**
 • 🔄 **2-in-1 Convertible Design** – Use as laptop, tablet, tent, or stand
 • 🌙 **Backlit Keyboard** – Comfort in all lighting
 • 🔐 **Fingerprint Reader** – Fast & secure login
 • 📸 **HP True Vision 5MP Camera** – Clear video calls with noise reduction
 • 🔊 **Poly Studio Audio** – Dual speakers with HP Audio Boost
 • 🌐 **Connectivity:** Wi-Fi 6E & Bluetooth® 5.3
 • 🧩 **Ports:**
 • 🔌 1x USB-C (10Gbps, DisplayPort™, PD, Sleep & Charge)
 • 🧷 2x USB-A (5Gbps)
 • 📺 1x HDMI 2.1
 • 🎧 1x Headphone/Mic Combo
 • 💾 1x MicroSD Card Reader
 • 🔋 1x AC Smart Pin

⸻

**🧠 Ideal Use Cases:**
 • 🎓 **Students & Professionals:** Light, fast, and ideal for mobility, presentations, and study
 • 🧑‍🎨 **Content Creators:** Touchscreen & hinge perfect for design, sketching, and editing
 • 🎬 **Entertainment:** Enjoy shows, movies, and music in Full HD with rich sound
 • 🌐 **Everyday Use:** Reliable for browsing, emails, documents & multitasking

📩@rasneva ለአጭር መልእክት
 ይደዉሉ ☎️
+251912759900
+251920153333"
@nevacomputer,8762,2025-06-04 05:56:57+00:00,"**✨ HP Pavilion Plus 16” – Premium Power in Your Hands! ✨**

🧠 **Intel® Core™ i7 13th Gen** Supercharged performance **i7-13700H (14 cores, 20 threads, up to 5.0 GHz)
**
📚 **16GB RAM** – Lag-free multitasking
🚀 **1TB SSD** – Fast boot & storage
🖼️ **16” 2K Display (2560 x 1600)** – Sharp & vibrant visuals
🎨 **100% sRGB | 120Hz** – Ideal for design & creative work
🔋 **11.5 hrs Battery** – All-day productivity
📸 **5MP IR Camera** – Clear and secure video calls
🔊 **B&O Tuned Speakers** – Immersive audio experience
🌐 **Wi-Fi 6 & Thunderbolt™ 4** – Fast, modern connectivity
⌨️ **Backlit Keyboard** – Comfort and style, day or night

**🧩 How It Helps You**

The **HP Pavilion Plus 16”** is built for people who **demand performance with style**. It’s not just a laptop—it’s a tool for **dreamers, doers, and creators**:

🧑‍💼 **For Professionals** – Run multiple apps, attend HD meetings, get things done fast
🎓 **For Students** – Research, write, create & watch lectures on a vibrant screen
🎥 **For Creators** – Edit videos, retouch photos, and design with color accuracy
💻 **For Developers** – Code faster, test quicker, and multitask like a pro
🎬 **For Movie Buffs** – Enjoy series & movies in crystal-clear 2K resolution

📩@rasneva ለአጭር መልእክት
 ይደዉሉ ☎️
+251912759900
+251920153333"
@nevacomputer,8755,2025-05-09 15:26:00+00:00,"**#WORKSTATION****  **✔️**
****#student**** offer 
****#europa**** standard 🗯️**
🅑︎🅡︎🅐︎🅝︎🅓︎ :** DELL PRECISION **
✨🅓︎🅘︎🅢︎🅟︎🅛︎🅐︎🅨︎: **15.6 inch FHD**
✨🅒︎🅟︎🅤︎: **CORE I7 9th gen💪**  
✨🅡︎🅐︎🅜︎:32GB 𝗗𝗗𝗥4 
✨🅢︎🅣︎🅞︎🅡︎🅐︎🅖︎: 1TB SSD 
✨🅖︎🅡︎🅐︎🅟︎🅗︎🅘︎🅒︎🅢︎: 4GB NIVIDIA QUADRO T1000 (GTX 1650)
✨🅞︎🅢︎:𝘄𝗶𝗻𝗱𝗼𝘄𝘀 11 pro 22H2 
✨🅑︎🅐︎🅣︎🅣︎🅔︎🅡︎🅨︎: 5hr plus 
Price : 92000 birr
📩@rasneva ለአጭር መልእክት
 ይደዉሉ ☎️
+251912759900
+251920153333

🏢 አድራሻ: - መገናኛ ማራቶን የ ገበያ ማእከል በ ዋናው መግቢያ መሬት ላይ
ወይንም ግራውንድ ፍሎር ብቅ ይበሉ
 👉ነቫ ኮምፒውተር👈 መሆኑን ያረጋግጡ

ድህረ ገጻችንን ይጎብኙ
www.nevacomputer.com

ቴሌግራም ቻናላችንን ይቀላቀሉ

https://t.me/nevacomputer

     🔠🔠🔠🅰️ 🔠🔠🔠🔠🔠🔠🔠🔠"
@nevacomputer,8754,2025-04-20 09:34:45+00:00,ለመላዉ የክርስትና እምነት ተከታይ በሙሉ እንኳንለብርሃነ ትንሳኤዉ በሰላም አደረሳችሁ::መጪዉ ዘመን የሰላም የአንድነት የመተሳሰብና  የበረከት እንዲሆንልን እንመኛለን::
@nevacomputer,8751,2025-04-12 07:57:21+00:00,"DONT MISS IT**
**
🅑︎🅡︎🅐︎🅝︎🅓︎ :** HP ENVY X360 ❤️**
✨🅓︎🅘︎🅢︎🅟︎🅛︎🅐︎🅨︎: **15.6 FHD THIN BEZEL**
✨🅒︎🅟︎🅤︎: CORE I7 12th generation 
✨🅡︎🅐︎🅜︎:16 GB 𝗗𝗗𝗥4
✨🅢︎🅣︎🅞︎🅡︎🅐︎🅖︎: 512 GB SSD 
✨🅖︎raphics: Intel UHD 
✨🅞︎🅢︎:window 11 pro 
✨🅑︎🅐︎🅣︎🅣︎🅔︎🅡︎🅨︎: 8HR
Price  95000 birr 
📩@rasneva ለአጭር መልእክት
 ይደዉሉ ☎️
+251912759900
+251920153333

🏢 አድራሻ: - መገናኛ ማራቶን የ ገበያ ማእከል በ ዋናው መግቢያ መሬት ላይ
ወይንም ግራውንድ ፍሎር ብቅ ይበሉ
 👉ነቫ ኮምፒውተር👈 መሆኑን ያረጋግጡ

ድህረ ገጻችንን ይጎብኙ
www.nevacomputer.com

ቴሌግራም ቻናላችንን ይቀላቀሉ

https://t.me/nevacomputer"
@nevacomputer,8750,2025-04-12 07:54:44+00:00,"**Very portable and can do multi-task
**
**#HP**
🅑︎🅡︎🅐︎🅝︎🅓︎ :** HP **ELITEBOOK 
✨🅓︎🅘︎🅢︎🅟︎🅛︎🅐︎🅨︎:13.3”
✨🅒︎🅟︎🅤︎: CORE I7 10th generation 
✨🅡︎🅐︎🅜︎:16 GB 𝗗𝗗𝗥4
✨🅢︎🅣︎🅞︎🅡︎🅐︎🅖︎: 512 GB SSD 
✨🅖︎raphics: intel uhd graphics 
✨🅞︎🅢︎:window 11 pro 
✨🅑︎🅐︎🅣︎🅣︎🅔︎🅡︎🅨︎: 6HR plus 
✨🅢︎🅣︎🅐︎🅣︎🅤︎🅢︎:  new 
Price  57000 birr
📩@rasneva ለአጭር መልእክት
 ይደዉሉ ☎️

🏢 አድራሻ: - መገናኛ ማራቶን የ ገበያ ማእከል በ ዋናው መግቢያ መሬት ላይ
ወይንም ግራውንድ ፍሎር ብቅ ይበሉ
 👉ነቫ ኮምፒውተር👈 መሆኑን ያረጋግጡ

ድህረ ገጻችንን ይጎብኙ
www.nevacomputer.com

ቴሌግራም ቻናላችንን ይቀላቀሉ

https://t.me/nevacomputer"
@nevacomputer,8746,2025-04-12 07:52:36+00:00,"New Arrivals And Genuine 
2024 14th Generation 
intel CORE ULTRA 5
  
HP ENVY 2024

Featuring the Latest:
✨Intel® Core™ Ultra 5 Processor 
155U 12M Cache, up to 4.80 GHz
12 Core and 14 CPU

Model: 
Hp envy 16 x360 convertible
              
Condition: BRAND NEW

💎 GRAPHICS: 
Integrated Intel® Arc™ Graphics & NPU:Integrated Intel® AI Boost,up to 11 TOPS

🖥 Screen:14 inch x360 convertible 
Touch screen 3440 × 1440 pixels (ultrawide QHD)

📼 Storage: 1TB SSD NVMe®
⏳ RAM: 8GB DDR5 6400 MT/s
🔋 Battery Life: 10 hours+battery life

Key Features:  
⭐️ Wi-Fi® 6E, 802.11ax 2x2 + BT5.3
⭐️ FHD Front Camera 1080p 
+ IR with Privacy Shutter
⭐️Face id login
⭐️Audio:Poly Studio 
⭐️White Backlit Keyboard**  
⭐️ Slim & Lightweight design  
⭐️Full aluminum Body  

Price **108000** birr

📩@rasneva ለአጭር መልእክት
 ይደዉሉ ☎️
+251912759900
+251920153333

🏢 አድራሻ: - መገናኛ ማራቶን የ ገበያ ማእከል በ ዋናው መግቢያ መሬት ላይ
ወይንም ግራውንድ ፍሎር ብቅ ይበሉ
 👉ነቫ ኮምፒውተር👈 መሆኑን ያረጋግጡ

ድህረ ገጻችንን ይጎብኙ
www.nevacomputer.com

ቴሌግራም ቻናላችንን ይቀላቀሉ

https://t.me/nevacomputer"
@nevacomputer,8741,2025-04-12 07:48:13+00:00,"**#WORKSTATION****  **✔️**
****#student**** offer 
****#europa**** standard 🗯️**
🅑︎🅡︎🅐︎🅝︎🅓︎ :** DELL PRECISION **
✨🅓︎🅘︎🅢︎🅟︎🅛︎🅐︎🅨︎: **15.6 inch FHD**
✨🅒︎🅟︎🅤︎: **CORE I9 9th gen💪**  
✨🅡︎🅐︎🅜︎:16GB 𝗗𝗗𝗥4 
✨🅢︎🅣︎🅞︎🅡︎🅐︎🅖︎: 512GB SSD 
✨🅖︎🅡︎🅐︎🅟︎🅗︎🅘︎🅒︎🅢︎: 4GB NIVIDIA QUADRO T2000 (GTX 1650TI) 
✨🅞︎🅢︎:𝘄𝗶𝗻𝗱𝗼𝘄𝘀 11 pro 22H2 
✨🅑︎🅐︎🅣︎🅣︎🅔︎🅡︎🅨︎: 5hr plus 
Price : 89000 birr
📩@rasneva ለአጭር መልእክት
 ይደዉሉ ☎️
+251912759900
+251920153333

🏢 አድራሻ: - መገናኛ ማራቶን የ ገበያ ማእከል በ ዋናው መግቢያ መሬት ላይ
ወይንም ግራውንድ ፍሎር ብቅ ይበሉ
 👉ነቫ ኮምፒውተር👈 መሆኑን ያረጋግጡ

ድህረ ገጻችንን ይጎብኙ
www.nevacomputer.com

ቴሌግራም ቻናላችንን ይቀላቀሉ

https://t.me/nevacomputer

     🔠🔠🔠🅰️ 🔠🔠🔠🔠🔠🔠🔠🔠"
@nevacomputer,8737,2025-04-12 07:46:04+00:00,"DONT MISS IT**
**
🅑︎🅡︎🅐︎🅝︎🅓︎ :** MSI MODERN ❤️**
✨🅓︎🅘︎🅢︎🅟︎🅛︎🅐︎🅨︎: **14” FHD THIN BEZEL**
✨🅒︎🅟︎🅤︎: CORE I5 10th generation 
✨🅡︎🅐︎🅜︎:16 GB 𝗗𝗗𝗥4
✨🅢︎🅣︎🅞︎🅡︎🅐︎🅖︎: 512 GB SSD 
✨🅖︎raphics: Intel UHD 
✨🅞︎🅢︎:window 11 pro 
✨🅑︎🅐︎🅣︎🅣︎🅔︎🅡︎🅨︎: 8HR 
✨🅢︎🅣︎🅐︎🅣︎🅤︎🅢︎:  open box 
Price  54000 birr
📩@rasneva ለአጭር መልእክት
 ይደዉሉ ☎️
+251912759900
+251920153333

🏢 አድራሻ: - መገናኛ ማራቶን የ ገበያ ማእከል በ ዋናው መግቢያ መሬት ላይ
ወይንም ግራውንድ ፍሎር ብቅ ይበሉ
 👉ነቫ ኮምፒውተር👈 መሆኑን ያረጋግጡ

ድህረ ገጻችንን ይጎብኙ
www.nevacomputer.com

ቴሌግራም ቻናላችንን ይቀላቀሉ

https://t.me/nevacomputer"
@nevacomputer,8735,2025-04-12 07:42:18+00:00,"from **Neva computer** 
#budgeted performance laptop

🅑︎🅡︎🅐︎🅝︎🅓︎ :** Hp 850 **G4
✨🅓︎🅘︎🅢︎🅟︎🅛︎🅐︎🅨︎: **15.6” 1080 **resolution 
✨🅒︎🅟︎🅤︎: 𝗶𝗻𝘁𝗲𝗹®𝗰𝗼𝗿𝗲 **𝗶7 7th** **generation  2.9Ghz**
✨🅡︎🅐︎🅜︎:8GB 𝗗𝗗𝗥4 
✨🅢︎🅣︎🅞︎🅡︎🅐︎🅖︎🅔︎: 512GB SSD 
✨🅖︎🅡︎🅐︎🅟︎🅗︎🅘︎🅒︎🅢︎: intel hd 
✨🅞︎🅢︎:𝘄𝗶𝗻𝗱𝗼𝘄𝘀 10 pro 
✨🅑︎🅐︎🅣︎🅣︎🅔︎🅡︎🅨︎: 4hr 𝗽𝗹𝘂𝘀
✨🅢︎🅣︎🅐︎🅣︎🅤︎🅢︎: open box
Price 39500 BIRR
📩@rasneva ለአጭር መልእክት
 ይደዉሉ ☎️
+251912759900
+251920153333

🏢 አድራሻ : - መገናኛ ማራቶን የ ገበያ ማእከል በ ዋናው መግቢያ መሬት ላይ
ወይንም ግራውንድ ፍሎር ብቅ ይበሉ
 👉ነቫ ኮምፒውተር👈 መሆኑን ያረጋግጡ

ድህረ ገጻችንን ይጎብኙ
www.nevacomputer.com

ቴሌግራም ቻናላችንን ይቀላቀሉ

https://t.me/nevacomputer

     ""🅝︎🅔︎🅥︎🅐︎   🅒︎🅞︎🅜︎🅟︎🅤︎🅣︎🅔︎🅡︎"""
@nevacomputer,8734,2025-03-30 06:20:02+00:00,Eid- mubarak
@nevacomputer,8730,2025-03-20 12:43:36+00:00,"**#EUROPE**** STANDARD **
🅑︎🅡︎🅐︎🅝︎🅓︎ :** DELL **
✨🅓︎🅘︎🅢︎🅟︎🅛︎🅐︎🅨︎: **14” FULL HD **
✨🅒︎🅟︎🅤︎: CORE I5 12th generation (10 core and 12 logical processor) 
✨🅡︎🅐︎🅜︎:16Gb 𝗗𝗗𝗥4
✨🅢︎🅣︎🅞︎🅡︎🅐︎🅖︎: 256 GB SSD 
✨🅖︎🅡︎🅐︎🅟︎🅗︎🅘︎🅒︎🅢︎: IRIS XE 
✨🅞︎🅢︎:window 10 pro
✨🅑︎🅐︎🅣︎🅣︎🅔︎🅡︎🅨︎: 10HR
✨🅢︎🅣︎🅐︎🅣︎🅤︎🅢︎:  packed brand new 
Price  👇
📧@rasneva ለአጭር መልእክት
 ይደዉሉ ☎️
+251912759900
+251920153333

🏢 አድራሻ: - መገናኛ ማራቶን የ ገበያ ማእከል በ ዋናው መግቢያ መሬት ላይ
ወይንም ግራውንድ ፍሎር ብቅ ይበሉ
 👉ነቫ ኮምፒውተር👈 መሆኑን ያረጋግጡ

ድህረ ገጻችንን ይጎብኙ
www.nevacomputer.com

ቴሌግራም ቻናላችንን ይቀላቀሉ

https://t.me/nevacomputer"
@nevacomputer,8728,2025-03-20 12:40:01+00:00,"**#HP**
🅑︎🅡︎🅐︎🅝︎🅓︎ :** HP PAVILION **
✨🅓︎🅘︎🅢︎🅟︎🅛︎🅐︎🅨︎:14”
✨🅒︎🅟︎🅤︎: CORE I5 10th generation 
✨🅡︎🅐︎🅜︎:16 GB 𝗗𝗗𝗥4
✨🅢︎🅣︎🅞︎🅡︎🅐︎🅖︎: 512 GB SSD 
✨🅖︎raphics: 2GB MX450 graphics card 
✨🅞︎🅢︎:window 11 pro 
✨🅑︎🅐︎🅣︎🅣︎🅔︎🅡︎🅨︎: 5HR
✨🅢︎🅣︎🅐︎🅣︎🅤︎🅢︎:  brand new
Price  👇
📩@rasneva ለአጭር መልእክት
 ይደዉሉ ☎️

🏢 አድራሻ: - መገናኛ ማራቶን የ ገበያ ማእከል በ ዋናው መግቢያ መሬት ላይ
ወይንም ግራውንድ ፍሎር ብቅ ይበሉ
 👉ነቫ ኮምፒውተር👈 መሆኑን ያረጋግጡ

ድህረ ገጻችንን ይጎብኙ
www.nevacomputer.com

ቴሌግራም ቻናላችንን ይቀላቀሉ

https://t.me/nevacomputer"
@nevacomputer,8726,2025-03-20 12:36:18+00:00,"**#HP**
🅑︎🅡︎🅐︎🅝︎🅓︎ :** HP NOTEBOOK **
✨🅓︎🅘︎🅢︎🅟︎🅛︎🅐︎🅨︎:15.6”
✨🅒︎🅟︎🅤︎: CORE I7 10th generation 
✨🅡︎🅐︎🅜︎:16 GB 𝗗𝗗𝗥4
✨🅢︎🅣︎🅞︎🅡︎🅐︎🅖︎: 512 GB SSD 
✨🅖︎raphics: intel uhd graphics 
✨🅞︎🅢︎:window 11 pro 
✨🅑︎🅐︎🅣︎🅣︎🅔︎🅡︎🅨︎: 4HR
✨🅢︎🅣︎🅐︎🅣︎🅤︎🅢︎:  open box 
Price  46000 birr 😱😱
📩@rasneva ለአጭር መልእክት
 ይደዉሉ ☎️

🏢 አድራሻ: - መገናኛ ማራቶን የ ገበያ ማእከል በ ዋናው መግቢያ መሬት ላይ
ወይንም ግራውንድ ፍሎር ብቅ ይበሉ
 👉ነቫ ኮምፒውተር👈 መሆኑን ያረጋግጡ

ድህረ ገጻችንን ይጎብኙ
www.nevacomputer.com

ቴሌግራም ቻናላችንን ይቀላቀሉ

https://t.me/nevacomputer"
@nevacomputer,8725,2025-03-20 12:35:11+00:00,"**Very portable and can do multi-task
**
**#HP**
🅑︎🅡︎🅐︎🅝︎🅓︎ :** HP **ELITEBOOK 
✨🅓︎🅘︎🅢︎🅟︎🅛︎🅐︎🅨︎:14”
✨🅒︎🅟︎🅤︎: CORE I7 10th generation 
✨🅡︎🅐︎🅜︎:16 GB 𝗗𝗗𝗥4
✨🅢︎🅣︎🅞︎🅡︎🅐︎🅖︎: 512 GB SSD 
✨🅖︎raphics: intel uhd graphics 
✨🅞︎🅢︎:window 11 pro 
✨🅑︎🅐︎🅣︎🅣︎🅔︎🅡︎🅨︎: 6HR plus 
✨🅢︎🅣︎🅐︎🅣︎🅤︎🅢︎:  new 
Price  👇
📩@rasneva ለአጭር መልእክት
 ይደዉሉ ☎️

🏢 አድራሻ: - መገናኛ ማራቶን የ ገበያ ማእከል በ ዋናው መግቢያ መሬት ላይ
ወይንም ግራውንድ ፍሎር ብቅ ይበሉ
 👉ነቫ ኮምፒውተር👈 መሆኑን ያረጋግጡ

ድህረ ገጻችንን ይጎብኙ
www.nevacomputer.com

ቴሌግራም ቻናላችንን ይቀላቀሉ

https://t.me/nevacomputer"
@nevacomputer,8720,2025-03-20 11:59:30+00:00,"**Brand**
Arozzi
**Color**
Black
**Material**
Alloy Steel, Polyurethane
**Product Dimensions**
21""D x 20""W x 20""H
**Size**
21D x 20W x 20H in
**Item Weight**
38 Pounds
• Supportive Pillow: The included lumbar pillow can be adjusted to the perfect height for maximum ergonomics
• Thick Padded Armrests: Extra padding provides soft support for your forearms and elbows, providing hours of comfort
• Rocking Function: The Milano can be locked in an upright position, or unlocked to rock freely back and forth
 • PU Leather Material: The Milano is upholstered with automobile grade polyurethane leather, making it soft and easy to clean
 • Weight Capacity 210 lbs.

📩@rasneva ለአጭር መልእክት"
@nevacomputer,8715,2024-12-07 06:55:36+00:00,"**Very portable and can do multi-task
**
**#HP**** ELITEBOOK 1040 G6**
🅑︎🅡︎🅐︎🅝︎🅓︎ :** HP **ELITEBOOK 
✨🅓︎🅘︎🅢︎🅟︎🅛︎🅐︎🅨︎: **14” convertable touch screen **full HD
✨🅒︎🅟︎🅤︎: CORE I7 8th generation 
✨🅡︎🅐︎🅜︎:16 GB 𝗗𝗗𝗥4
✨🅢︎🅣︎🅞︎🅡︎🅐︎🅖︎: 512 GB SSD 
✨🅖︎raphics: intel uhd graphics 
✨🅞︎🅢︎:window 11 pro 
✨🅑︎🅐︎🅣︎🅣︎🅔︎🅡︎🅨︎: 5HR
✨🅢︎🅣︎🅐︎🅣︎🅤︎🅢︎:  open box 
Price  👇
📩@rasneva ለአጭር መልእክት
 ይደዉሉ ☎️
🏢 አድራሻ: - መገናኛ ማራቶን የ ገበያ ማእከል በ ዋናው መግቢያ መሬት ላይ
ወይንም ግራውንድ ፍሎር ብቅ ይበሉ
 👉ነቫ ኮምፒውተር👈 መሆኑን ያረጋግጡ

ድህረ ገጻችንን ይጎብኙ
www.nevacomputer.com

ቴሌግራም ቻናላችንን ይቀላቀሉ

https://t.me/nevacomputer"
@nevacomputer,8713,2024-12-07 06:55:13+00:00,"**Very portable and can do multi-task
**
**#HP**
🅑︎🅡︎🅐︎🅝︎🅓︎ :** HP **ELITEBOOK 
✨🅓︎🅘︎🅢︎🅟︎🅛︎🅐︎🅨︎:14”
✨🅒︎🅟︎🅤︎: CORE I7 8th generation 
✨🅡︎🅐︎🅜︎:16 GB 𝗗𝗗𝗥4
✨🅢︎🅣︎🅞︎🅡︎🅐︎🅖︎: 512 GB SSD 
✨🅖︎raphics: intel uhd graphics 
✨🅞︎🅢︎:window 11 pro 
✨🅑︎🅐︎🅣︎🅣︎🅔︎🅡︎🅨︎: 5HR
✨🅢︎🅣︎🅐︎🅣︎🅤︎🅢︎:  open box 
Price  👇
📩@rasneva ለአጭር መልእክት
 ይደዉሉ ☎️

🏢 አድራሻ: - መገናኛ ማራቶን የ ገበያ ማእከል በ ዋናው መግቢያ መሬት ላይ
ወይንም ግራውንድ ፍሎር ብቅ ይበሉ
 👉ነቫ ኮምፒውተር👈 መሆኑን ያረጋግጡ

ድህረ ገጻችንን ይጎብኙ
www.nevacomputer.com

ቴሌግራም ቻናላችንን ይቀላቀሉ

https://t.me/nevacomputer"
@nevacomputer,8712,2024-12-07 06:52:27+00:00,"**#hp**** **Elitebook **
****#EUROPE**** STANDARD **
🅑︎🅡︎🅐︎🅝︎🅓︎ : hp Elitebook TOUCH SCREEN 
✨🅓︎🅘︎🅢︎🅟︎🅛︎🅐︎🅨︎: **14” ultra slim TOUCH SCREEN **
✨🅒︎🅟︎🅤︎: core i7 10th generation 
✨🅡︎🅐︎🅜︎:16GB 𝗗𝗗𝗥4
✨🅢︎🅣︎🅞︎🅡︎🅐︎🅖︎: 512GB SSD
✨🅖︎🅡︎🅐︎🅟︎🅗︎🅘︎🅒︎🅢︎: Intel Iris graphics card
✨🅞︎🅢︎:window 10 pro
✨🅑︎🅐︎🅣︎🅣︎🅔︎🅡︎🅨︎:7hr 
✨🅢︎🅣︎🅐︎🅣︎🅤︎🅢︎:  brand new 
Price 👇
📩@rasneva ለአጭር መልእክት

🏢 አድራሻ: - መገናኛ ማራቶን የ ገበያ ማእከል በ ዋናው መግቢያ መሬት ላይ
ወይንም ግራውንድ ፍሎር ብቅ ይበሉ
 👉ነቫ ኮምፒውተር👈 መሆኑን ያረጋግጡ"
@nevacomputer,8709,2024-12-07 06:33:16+00:00,"🔤🔤🔤🅰️
🔤🔤🔤🔤🔤🔤🔤🔤
**
****#9th**** generation **workstation laptop ✔️**
****#USA**** STANDARD **
🅑︎🅡︎🅐︎🅝︎🅓︎ :** LENOVO thinkpad p50**
✨🅓︎🅘︎🅢︎🅟︎🅛︎🅐︎🅨︎: **15.6” 4k screen **
✨🅒︎🅟︎🅤︎: CORE I7 8th gen❤️  12 cpu
✨🅡︎🅐︎🅜︎:16GB 𝗗𝗗𝗥4 
✨🅢︎🅣︎🅞︎🅡︎🅐︎🅖︎: 512 GB SSD
✨🅖︎🅡︎🅐︎🅟︎🅗︎🅘︎🅒︎🅢︎: 4GB NIVIDIA QUADRO T2000
✨🅞︎🅢︎:𝘄𝗶𝗻𝗱𝗼𝘄𝘀 11 pro 22H2 
✨🅑︎🅐︎🅣︎🅣︎🅔︎🅡︎🅨︎: 6HR
✨🅢︎🅣︎🅐︎🅣︎🅤︎🅢︎: openbox
Price  87000
📩@rasneva ለአጭር መልእክት
🏢 አድራሻ: - መገናኛ ማራቶን የ ገበያ ማእከል በ ዋናው መግቢያ መሬት ላይ
ወይንም ግራውንድ ፍሎር ብቅ ይበሉ
 👉ነቫ ኮምፒውተር👈 መሆኑን ያረጋግጡ

ድህረ ገጻችንን ይጎብኙ
www.nevacomputer.com

ቴሌግራም ቻናላችንን ይቀላቀሉ

https://t.me/nevacomputer

     🔠🔠🔠🅰️ 🔠🔠🔠🔠🔠🔠🔠🔠"
@nevacomputer,8704,2024-12-07 06:31:12+00:00,"**#HP**** PAVILION**
🅑︎🅡︎🅐︎🅝︎🅓︎ :** HP PAVILION **X360 
✨🅓︎🅘︎🅢︎🅟︎🅛︎🅐︎🅨︎: **14” FHD TOUCH SCREEN **CONVERTIBLE** **
✨🅒︎🅟︎🅤︎: CORE I5 11th GEN 💪🏽
✨🅡︎🅐︎🅜︎:16Gb 𝗗𝗗𝗥4
✨🅢︎🅣︎🅞︎🅡︎🅐︎🅖︎: 512GB SSD 
✨🅖︎🅡︎🅐︎🅟︎🅗︎🅘︎🅒︎🅢︎: INTEL IRIS XE GRAPHICS 
✨🅞︎🅢︎:window 10 pro
✨🅑︎🅐︎🅣︎🅣︎🅔︎🅡︎🅨︎: 6HR
✨🅢︎🅣︎🅐︎🅣︎🅤︎🅢︎:  brand new 
📩@rasneva ለአጭር መልእክት

🏢 አድራሻ: - መገናኛ ማራቶን የ ገበያ ማእከል በ ዋናው መግቢያ መሬት ላይ
ወይንም ግራውንድ ፍሎር ብቅ ይበሉ
 👉ነቫ ኮምፒውተር👈 መሆኑን ያረጋግጡ"
@nevacomputer,8702,2024-12-07 06:28:23+00:00,"**🔥2022 BRAND NEW🔥🔥🔥
🅑︎🅡︎🅐︎🅝︎🅓︎ : LENOVO LOQ
✨🅓︎🅘︎🅢︎🅟︎🅛︎🅐︎🅨︎: 2K **RESOLUTION** 
✨🅒︎🅟︎🅤︎:RYZEN 7 7000 serious 
✨🅡︎🅐︎🅜︎:16GB 𝗗𝗗𝗥4 
✨🅢︎🅣︎🅞︎🅡︎🅐︎🅖︎: 512 SSD
✨🅖︎🅡︎🅐︎🅟︎🅗︎🅘︎🅒︎🅢︎: RTX 4050 4GB DEDICATED 
✨🅞︎🅢︎:𝘄𝗶𝗻𝗱𝗼𝘄𝘀 11 pro 22H2 
✨🅑︎🅐︎🅣︎🅣︎🅔︎🅡︎🅨︎: 6HR
✨🅢︎🅣︎🅐︎🅣︎🅤︎🅢︎: BRAND NEW **
CONTACT @rasneva
🏢 አድራሻ: - መገናኛ ማራቶን የ ገበያ ማእከል በ ዋናው መግቢያ መሬት ላይ
ወይንም ግራውንድ ፍሎር ብቅ ይበሉ
 👉ነቫ ኮምፒውተር👈 መሆኑን ያረጋግጡ"
@nevacomputer,8697,2024-10-19 13:31:43+00:00,It’s arrived the new and latest RAZER BLADE 18 stay tuned
@nevacomputer,8695,2024-10-08 19:07:52+00:00,"DONT MISS IT ⚠️⚠️⚠️

🅑︎🅡︎🅐︎🅝︎🅓︎ :** ASUS ROGSTRIX **
✨🅓︎🅘︎🅢︎🅟︎🅛︎🅐︎🅨︎: **17” FULL HD 144HZ **
✨🅒︎🅟︎🅤︎: CORE I7 9th generation 
✨🅡︎🅐︎🅜︎:32GB DDR4😱
✨🅢︎🅣︎🅞︎🅡︎🅐︎🅖︎: 2TB HDD AND 1TB SSD 
✨🅖︎🅡︎🅐︎🅟︎🅗︎🅘︎🅒︎🅢︎: NIVIDIA RTX 2060 6GB 
✨🅞︎🅢︎:window 10 pro
✨🅑︎🅐︎🅣︎🅣︎🅔︎🅡︎🅨︎: 5HR 
✨🅢︎🅣︎🅐︎🅣︎🅤︎🅢︎:  open box
Price  115000 birr
📩@rasneva ለአጭር መልእክት
 ይደዉሉ ☎️
+251912759900
+251920153333

🏢 አድራሻ: - መገናኛ ማራቶን የ ገበያ ማእከል በ ዋናው መግቢያ መሬት ላይ
ወይንም ግራውንድ ፍሎር ብቅ ይበሉ
 👉ነቫ ኮምፒውተር👈 መሆኑን ያረጋግጡ

ድህረ ገጻችንን ይጎብኙ
www.nevacomputer.com

ቴሌግራም ቻናላችንን ይቀላቀሉ

https://t.me/nevacomputer"
@nevacomputer,8690,2024-09-25 07:15:55+00:00,"🅑︎🅡︎🅐︎🅝︎🅓︎ :** DELL G15 **
✨🅓︎🅘︎🅢︎🅟︎🅛︎🅐︎🅨︎: **15.6” FULL HD 165HZ **
✨🅒︎🅟︎🅤︎: CORE I7 11th generation 
✨🅡︎🅐︎🅜︎:16Gb 𝗗𝗗𝗥4
✨🅢︎🅣︎🅞︎🅡︎🅐︎🅖︎: 512 GB SSD 
✨🅖︎🅡︎🅐︎🅟︎🅗︎🅘︎🅒︎🅢︎: NIVIDIA RTX 3060 6GB 
✨🅞︎🅢︎:window 10 pro
✨🅑︎🅐︎🅣︎🅣︎🅔︎🅡︎🅨︎: 5HR 
✨🅢︎🅣︎🅐︎🅣︎🅤︎🅢︎:  open box
Price  129500 birr
📩@rasneva ለአጭር መልእክት
 ይደዉሉ ☎️
+251912759900
+251920153333

🏢 አድራሻ: - መገናኛ ማራቶን የ ገበያ ማእከል በ ዋናው መግቢያ መሬት ላይ
ወይንም ግራውንድ ፍሎር ብቅ ይበሉ
 👉ነቫ ኮምፒውተር👈 መሆኑን ያረጋግጡ

ድህረ ገጻችንን ይጎብኙ
www.nevacomputer.com

ቴሌግራም ቻናላችንን ይቀላቀሉ

https://t.me/nevacomputer"
@nevacomputer,8688,2024-09-25 07:00:47+00:00,"🅑︎🅡︎🅐︎🅝︎🅓︎ :** ASUS ZEYPHRUS M16 **
✨🅓︎🅘︎🅢︎🅟︎🅛︎🅐︎🅨︎: **15.6” 2K 165HZ **
✨🅒︎🅟︎🅤︎: CORE I7 11th generation 
✨🅡︎🅐︎🅜︎:16Gb 𝗗𝗗𝗥4
✨🅢︎🅣︎🅞︎🅡︎🅐︎🅖︎: 512 GB SSD 
✨🅖︎🅡︎🅐︎🅟︎🅗︎🅘︎🅒︎🅢︎: NIVIDIA RTX 3060 6GB 
✨🅞︎🅢︎:window 10 pro
✨🅑︎🅐︎🅣︎🅣︎🅔︎🅡︎🅨︎: 5HR 
✨🅢︎🅣︎🅐︎🅣︎🅤︎🅢︎:  open box
Price  129500 birr
📩@rasneva ለአጭር መልእክት
 ይደዉሉ ☎️
+251912759900
+251920153333

🏢 አድራሻ: - መገናኛ ማራቶን የ ገበያ ማእከል በ ዋናው መግቢያ መሬት ላይ
ወይንም ግራውንድ ፍሎር ብቅ ይበሉ
 👉ነቫ ኮምፒውተር👈 መሆኑን ያረጋግጡ

ድህረ ገጻችንን ይጎብኙ
www.nevacomputer.com

ቴሌግራም ቻናላችንን ይቀላቀሉ

https://t.me/nevacomputer"
@nevacomputer,8682,2024-09-25 06:31:10+00:00,"**FROM NEVA COMPUTER **⭐️**

HIGH PERFORMANCE GAMING LAPTOP
**🔽🔽🔽**
Features 
** ✨Processor: 13th Gen Intel Core i5-13450HX Processor 2.4 GHz (20M Cache, up to 4.6 GHz, 10 cores: 6 P-cores and 4 E-cores);Memory: 16GB (8GB SO-DIMM *2) DDR5 4800 MHz Support Up to 32GB 2x SO-DIMM slots | Storage: 1TB PCIe 4.0 NVMe M.2 SSD
 ✨Play over 100 high-quality PC games, plus new and upcoming blockbusters on day one like Halo Infinite, Forza Horizon 5, and Age of Empires and one month of Game Pass-including EA Play.;With new games added all the time, there s always something new to play. Age of Empires IV, Back 4 Blood, Battlefield V, Forza Horizon 5, Halo Infinite*, Knockout City, Microsoft Flight Simulator, Minecraft PC Bundle, Need for Speed Heat, Psychonauts2, The Sims 4, Titanfall 2, 12 Minutes
 ✨Graphics: NVIDIA GeForce RTX 4050 Laptop GPU with MUX Switch + NVIDIA Advanced Optimus 6GB GDDR6 VRAM ROG Boost: 2420MHz* at 140W (2370MHz Boost Clock+50MHz OC, 115W+25W Dynamic Boost);Display: 16-inch FHD+ 16:10 (1920 x 1200, WUXGA), 165Hz IPS-level Anti-glare display, 7ms, 250nits 1000:1; Keyboard: Backlit Chiclet Keyboard 4-Zone RGB;Design: 2.26 ~ 3.04 cm | 2.50 Kg weight | 90WHrs, 4S1P, 4-cell Li-ion

📩@rasneva ለአጭር መልእክት
 ይደዉሉ ☎️
+251912759900
+251920153333

🏢 አድራሻ : - መገናኛ ማራቶን የ ገበያ ማእከል በ ዋናው መግቢያ መሬት ላይ
ወይንም ግራውንድ ፍሎር ብቅ ይበሉ
 👉ነቫ ኮምፒውተር👈 መሆኑን ያረጋግጡ

ድህረ ገጻችንን ይጎብኙ
www.nevacomputer.com

ቴሌግራም ቻናላችንን ይቀላቀሉ

https://t.me/nevacomputer

     ""🅝︎🅔︎🅥︎🅐︎   🅒︎🅞︎🅜︎🅟︎🅤︎🅣︎🅔︎🅡︎"
@nevacomputer,8680,2024-09-10 04:17:42+00:00,"FROM NEVA COMPUTER
#GAMINGLAPTOP
FROM #USA👇🏾
PACKED

#MSI  katana 15  (GeForce RTX™ 4060, GDDR6 8GB)

• Windows 11 Home (MSI recommends Windows 11 Pro for business.)
 • NVIDIA® GeForce RTX™ 4060 Laptop GPU 8GB GDDR6
 • 15.6″ FHD (1920*1080), 144Hz 45%NTSC IPS-Level
 • Intel® Core™ i7-13650H
 • 512GB NVMe PCIe SSD Gen4x4
 • DDR5 8GB*2 (4800MHz)
 • Blue Backlit Gaming Keyboard
 • 3 cell, 53.5Whr


📩@rasneva ለአጭር መልእክት
 ይደዉሉ ☎️
+251912759900
+251920153333

🏢 አድራሻ : - መገናኛ ማራቶን የ ገበያ ማእከል በ ዋናው መግቢያ መሬት ላይ
ወይንም ግራውንድ ፍሎር ብቅ ይበሉ
 👉ነቫ ኮምፒውተር👈 መሆኑን ያረጋግጡ

ድህረ ገጻችንን ይጎብኙ
www.nevacomputer.com

ቴሌግራም ቻናላችንን ይቀላቀሉ

https://t.me/nevacomputer

     ""🅝︎🅔︎🅥︎🅐︎   🅒︎🅞︎🅜︎🅟︎🅤︎🅣︎🅔︎🅡︎"
@nevacomputer,8671,2024-09-10 04:14:02+00:00,"🅑︎🅡︎🅐︎🅝︎🅓︎ : HP ZBOOK
✨🅓︎🅘︎🅢︎🅟︎🅛︎🅐︎🅨︎: **15.6” FULL HD**
✨🅒︎🅟︎🅤︎: CORE I7 10th gen 
✨🅡︎🅐︎🅜︎:16Gb 𝗗𝗗𝗥4
✨🅢︎🅣︎🅞︎🅡︎🅐︎🅖︎: 512 GB SSD 
✨🅖︎🅡︎🅐︎🅟︎🅗︎🅘︎🅒︎🅢︎:4GB NIVIDIA QUADRO 
✨🅞︎🅢︎:window 10 pro
✨🅑︎🅐︎🅣︎🅣︎🅔︎🅡︎🅨︎: 5HR 
✨🅢︎🅣︎🅐︎🅣︎🅤︎🅢︎:  brand new 
Price 68500 birr
📩@rasneva ለአጭር መልእክት
 ይደዉሉ ☎️
+251912759900
+251920153333

🏢 አድራሻ: - መገናኛ ማራቶን የ ገበያ ማእከል በ ዋናው መግቢያ መሬት ላይ
ወይንም ግራውንድ ፍሎር ብቅ ይበሉ
 👉ነቫ ኮምፒውተር👈 መሆኑን ያረጋግጡ

ድህረ ገጻችንን ይጎብኙ
www.nevacomputer.com

ቴሌግራም ቻናላችንን ይቀላቀሉ

https://t.me/nevacomputer"
@meneshayeofficial,1035,2025-06-19 15:18:55+00:00,"**አማርኛና እንግሊዘኛ በቀላሉ ማንበብና መፃፍ የሚያስችል 150 ካርድ ያለው ባለደምጽ የልጆች መማሪያ
****0989939393****/  ****https://t.me/meneshayeofficial****

☑️ባለድምጽ የልጆች መመሪያ
☑️በአማርኛና በእንግሊዝኛ 
☑️150 መማሪያ ካርዶች ያሉት

👉ለበለጠ መረጃ ከታች ያለውን ድህረ ገጽ ይጫኑ
****https://meneshaye-official.com/meneshaye-lelije/dik-dik.html****

👉ይደውሉ ****0989939393**** ወይም ****0930323334**** ያሉበት እንደርሳለን

አዳዲስ ምርቶችን ከፈለጉ ቴሌግራም ቻናላችንን
በመቀላቀል ቤተሰብ ይሁኑ

****https://t.me/meneshayeofficial****

****#kidslearning**** ****#educationforkids**** ****#parenting**** ****#parentingtipsstemtoys**** ****#LEGO**** ****#forkids**** ****#meneshaye**** ****#መነሻዬ**"
@meneshayeofficial,1034,2025-06-18 16:55:12+00:00,"**የሂሳብ ሊቅ መነሻ ጥቅል

ልጆችዎ  ቁጥርን ከመቁጠር  ጀምሮ  ሂሳብን በቀላሉ በተግባር  የሚማሩበት

☑️መጻፊያ ሰሌዳ ያለው
**
☑️**ለበለጠ መረጃ ከታች ያለውን ማስፈንጠሪያ ይጫኑ

****https://meneshaye-official.com/meneshaye-lelije/yehisab-liq.html****


☎️0930323334/****0989939393**** ይደውሉልን


****#EducationalToys**** ****#learningtoys**** ****#stemtoys**** ****#LEGO**** ****#forkids**** ****#meneshaye**** ****#መነሻዬ**"
@meneshayeofficial,1032,2025-06-18 09:06:42+00:00,"**ከእርሳስ አያያዝ ጀምሮ አማርኛና እንግሊዘኛ በቀላሉ ማንበብና መፃፍ የሚያስችል 

ስለቀለሜ መነሻ የበለጠ ለማወቅ ከታች ያለውን ማስፈንጠሪያ ይጫኑ
**https://meneshaye-official.com/meneshaye-lelije/yekeleme-menesha.html**

☎️0930323334/**0989939393** ይደውሉልን


**#EducationalToys** **#learningtoys** **#stemtoys** **#LEGO** **#forkids** **#meneshaye** **#መነሻዬ"
@meneshayeofficial,1031,2025-06-17 16:00:09+00:00,"**ገላግሌ የልጆች ምግብ መስሪያ
የልጆችን ልብ የሚያሸንፍ፣ የእናትን ጊዜ የሚቆጥብ

☑️ይቀቅላል☑️ይፈጫል☑️ያልማል☑️ፀረ-ብክለት☑️በራሱ የሚፀዳ

👉ከፍተኛ ጉልበት ስላለው በፍጥነት ምግብ ያዘጋጃል
👉የራሱ ሰአት መቆጣጠሪያ ያለው

የተረጋገጠ የ አንድ ዓመት ዋስትና እንሰጣለን‼️

📱****0989939393****    /   📱****0911259661**** 

🚴‍♂️ ይዘዙን ያሉበት ድረስ እናመጣለን‼️

👑👑 ውድ ደንበኛችን በስራችን ላይ ሀሳብ እና አስተያየት ካለዎት  በዚህ ስልክ ደዉለዉ ያሳዉቁን። 

****0939091943****

foodprocessor ****#forkids**** ****#kitchengadgets**** ****#mom**** ****#mombabycare**** ****#mombabyfeeding**** ****#የልጆች**** ****#ethiopianmother**** ****#addisababa**"
@meneshayeofficial,1030,2025-06-17 09:03:01+00:00,"**መነሻዬ ድክድክ
**👉**ለልጆዎ አፍ ማስፈቻ የሚሆን እና አማርኛና እንግሊዘኛ በቀላሉ ማንበብና መፃፍ የሚያስችል  

☑️ባለድምጽ የልጆች መመሪያ
☑️በአማርኛና በእንግሊዝኛ 
☑️150 መማሪያ ካርዶች ያሉት

👉ለበለጠ መረጃ ከታች ያለውን ድህረ ገጽ ይጫኑ
**https://meneshaye-official.com/meneshaye-lelije/dik-dik.html**


👉ይደውሉ **0989939393** ወይም **0930323334** ያሉበት እንደርሳለን

አዳዲስ ምርቶችን ከፈለጉ ቴሌግራም ቻናላችንን
በመቀላቀል ቤተሰብ ይሁኑ

**https://t.me/meneshayeofficial**

**#kidslearning** **#educationforkids** **#parenting** **#parentingtipsstemtoys** **#LEGO** **#forkids** **#meneshaye** **#መነሻዬ"
@meneshayeofficial,1029,2025-06-16 14:52:53+00:00,"**ወድ የገላግሌ ደንበኞቻችን  ለልጆዎ የሚሰጥ ምርጥ ስጦታ ከገላግሌ እህት ብራንድ የሆነው መነሻዬ ከዚህ በታች ባስቀመጥንልዎ ማስፈንጠሪያ ተጠቅመው የመነሻዬን ድረ ገፅ በመጎብኘት ለልጅዎ የሚሆኑ ስጦታ ትምህርታዊ መጫዎቻዎችን በቀላሉ መምረጥ እንደሚችሉ ስንገልፅ በታላቅ ደስታ ነው።
ድረገፃችንን ይጎብኙ ፤ የወደዱትን ይምረጡ ፤ የመረጡትን ይሸምቱ!!

☑️****https://meneshaye-official.com/meneshaye-lelije/****

****https://meneshaye-official.com/****

☎️ይደውሉ ****0989939393**** ወይም ****0930323334**** ያሉበት እንደርሳለን


****#cocomelon**** ****#baby**** ****#የኢትዮጵያልጆች**** ****#kidseducation**** ****#giftforkids**** ****#ethiopianparents**** ****#meneshaye**** ****#Ethiopia**"
@meneshayeofficial,1028,2025-06-16 13:51:37+00:00,"☑️**ከእርሳስ አያያዝ ጀምሮ አማርኛና እንግሊዘኛ በቀላሉ ማንበብና መፃፍ የሚያስችል 

ስለቀለሜ መነሻ የበለጠ ለማወቅ ከታች ያለውን ማስፈንጠሪያ ይጫኑ
****https://meneshaye-official.com/meneshaye-lelije/yekeleme-menesha.html****

☎️0930323334/****0989939393**** ይደውሉልን


 ****#EducationalToys**** ****#learningtoys**** ****#stemtoys**** ****#LEGO**** ****#forkids**** ****#meneshaye**** ****#መነሻዬ**"
@meneshayeofficial,1027,2025-06-16 07:59:47+00:00,"የሂሳብ ሊቅ መነሻ ጥቅል

**ልጆችዎ ከቁጥር ጋር ጓደኛ የሚሆኑበት
**
☑️ቁጥርን ከመቁጠር ጀምሮ ሂሳብን በቀላሉ የሚማሩበት

  ☑️መጻፊያ ሰሌዳ ያለው

☑️ለበለጠ መረጃ ከታች ያለውን ማስፈንጠሪያ ይጫኑ

https://meneshaye-official.com/meneshaye-lelije/yehisab-liq.html


☎️0930323334/0989939393 ይደውሉልን


#EducationalToys #learningtoys #stemtoys #LEGO #forkids #meneshaye #መነሻዬ"
@meneshayeofficial,1026,2025-06-14 14:54:30+00:00,"**ይህ የሁሉም ቤት ችግር ነው / የበርካታ ቤቶች እውነት ነው !

**👉**ደግሞ ደጋግሞ ግርግዳውን ማጽዳት እና እንደገና መቀባት እንዲቀር መፍትሔው ልጆችን ግድግዳ ላይ መጻፍ የሚያስረሳ** ጥቅል ከመነሻዬ ያገኛሉ።

👉**ኤሌክትሮኒክ ሰሌዳ፣ 2በ1 ሰሌዳ ፣11 መጽሀፍት ልጆች እዛው ላይ  እየፃፉና እያጠፉ እየተዝናኑ የሚለማመዱባቸው  **በተጨማሪም ባለ ድምፅ መማሪያ መነሻዬ ፓድ፣ የሰዓት መማሪያ ቦርድ  ሁሉንም በአንድ ላይ የያዘ ጥቅል

👉በአንድ ድንጋይ እንዲሉ.....ማለት ይህ አይደል?


👉**መነሻዬ!!
ልጆችዎ የማንበብ ፣ መፃፍ ፣ ማዳመጥ እና ማንበብ  ችሎታቸውን በተቀናጀ መልኩ በምስል ፣ በድምፅና በተግባር የሚለማመዱበትን አስደናቂ ጥቅል ለልጆችዎ

**
☎️ለማዘዝ 0989939393/0930323334 ይደውሉልን




#meneshaye #ገላግሌ #Ethiopia #kidslearning #stemforkids #educationaltoys #WritingBoard #gelagle #fypシ"
@meneshayeofficial,1025,2025-06-13 09:09:31+00:00,"**ይህ ሶፋ እኮ ነው ሲዘረጋ ፍራሽ የሚሆነው!
ከሶስት አመት ዋስትና ጋር

ስለምርቱ ማብራሪያ ከፈለጉ ከታች ያለውን ይጫኑ

☑️telegram :****https://t.me/kerasbelayofficial****
☑️tik tok:****tiktok.com/@kerasbelayofficial****

☎️0989939393/****0911259661****


****#gelagle**** ****#ገላግሌ**** ****#sofabed**** ****#furniture**** ****#Mattress**** ****#ሶፋ**** ****#ፋራሽ**"
@meneshayeofficial,1023,2025-06-12 12:57:27+00:00,"**""የእናት ፍቅር የማይቋረጥ፣ የማይለወጥ፣ የማይቀር... እሷ እስከ መጨረሻው ድረስ  ከልጇ ጋር ናት!""
""ክብር ለእናቶች ፣ፍቅሯ የማይለወጥ ነው!""
ለበለጠ

 ☑️0989939393/****https://t.me/meneshayeofficial****

☑️****https://meneshaye-official.com/meneshaye-lelije/yekeleme-menesha.html****

****#mom**** ****#momlife**** ****#momanddaughter**** ****#meneshaye**** ****#gelagle**** ****#ገላግሌ**** ****#Ethiopia**"
@meneshayeofficial,1022,2025-06-12 09:52:35+00:00,"ለረጅም አመት በትምህርት ያገለገሉ ባለሙያዎች ስለ መነሻዬ ምን ይላሉ?

0989939393/0930323334 ይደውሉልን

ለልጆዎ ትምርታዊ የሆነ መጫወቻ ከፈለጉ የመነሻዬ ቴሌግራም ይቀላቀሉ
https://t.me/meneshayeofficial

#shigigerdaniel#glory#meneshaye #መነሻዬ#parents #kindergarten #kidsstore#preschool "
@meneshayeofficial,1021,2025-06-10 12:17:25+00:00,"☑️**ለልጅ የሚሰጥ ምርጥ ስጦታ

☑️ከእርሳስ አያያዝ ጀምሮ አማርኛና እንግሊዘኛ በቀላሉ ማንበብና መፃፍ የሚያስችል ጥቅል የቀለሜ መነሻ ጥቅል

☎️0930323334/****0989939393**** ይደውሉልን


****#EducationalToys**** ****#learningtoys**** ****#stemtoys**** ****#LEGO**** ****#forkids**** ****#meneshaye**** ****#መነሻዬ**"
@meneshayeofficial,1020,2025-06-10 07:33:59+00:00,"**ለምቾትዎ ትክክለኛ ምርጫ!!
ተጣጣፊ ሶፋ ሲፈልጉ በቀላሉ ፍራሽ ማድረግ የሚችሉት

☎️ይደውሉ ****0989939393**** ወይም ****0930323334**** ያሉበት እንደርሳለን

****#condominium**** ****#SpaceSaving**** ****#FurnitureSale**** ****#Mattress**** ****#sofa**** ****#gelagle**** ****#ገላግሌ**** ****#furniture**** ****#Ethiopia**"
@meneshayeofficial,1019,2025-06-09 15:16:05+00:00,"**ለልጆዎ አፍ ማስፈቻ ፍቱን ምርጫ!!

መነሻዬ ድክድክ

☑️ባለድምጽ የልጆች መመሪያ
☑️በአማርኛና በእንግሊዝኛ 
☑️150 መማሪያ ካርዶች ያሉት

👉ለበለጠ መረጃ ከታች ያለውን ድህረ ገጽ ይጫኑ
****https://meneshaye-official.com/meneshaye-lelije/dik-dik.html****


👉ይደውሉ ****0989939393**** ወይም ****0930323334**** ያሉበት እንደርሳለን

አዳዲስ ምርቶችን ከፈለጉ ቴሌግራም ቻናላችንን
 በመቀላቀል ቤተሰብ ይሁኑ

****https://t.me/meneshayeofficial****

****#kidslearning**** ****#educationforkids**** ****#parenting**** ****#parentingtipsstemtoys**** ****#LEGO**** ****#forkids**** ****#meneshaye**** ****#መነሻዬ**"
@meneshayeofficial,1018,2025-06-09 10:18:39+00:00,"**የሂሳብ ሊቅ መነሻ ጥቅል
  
 ቁጥርን ከመቁጠር ጀምሮ ሂሳብን በቀላሉ የሚማሩበት
ለበለጠ 

 
****0989939393**** ****/0930323334****

****#meneshay**** ****#MathForKids**** ****#educational**** ****#boardgames**** ****#game**"
@meneshayeofficial,1017,2025-06-05 18:05:30+00:00,**ውድ የመነሻዬ ደንበኞቻችን እንኳን ለዓረፋ በዓል በሰላም አደረሳችሁ። በዓሉ  የሰላም ፣ የጤና ፣ የፍቅር እንዲሆን የምንመኝልዎ ተወዳጆቹንና አዳዲሶቹን የገላግሌ ምርቶች በማቅረብ ጭምር ነው። መልካም በዓል!!**
@meneshayeofficial,1016,2025-06-05 11:52:15+00:00,"ውድ የገላግሌ ደንበኞቻችን እንኳን ለዓረፋ በዓል በሰላም አደረሳችሁ። በዓሉ  የሰላም ፣ የጤና ፣ የፍቅር እንዲሆን የምንመኝልዎ ተወዳጆቹንና አዳዲሶቹን የገላግሌ ምርቶች በማቅረብ ጭምር ነው። 2በ1 የሚዘረጋ ሶፋና ፋራሽ ፣ የኤሌክትሪክ መጥበሻ ፣ በማኑዋልና በኤሌክትሪክ የሚሰሩ መፍጫዎችና የተለያዩ የፅዳት እቃዎችን ከኛ ዘንድ በብዛትም በጥራትም ያገኟቸዋል።
በገላግሌ ምርቶች ስራዎን ያቅልሉ ፤ ኑሮዎን ያዘምኑ!!
መልካም በዓል!!"
@meneshayeofficial,1015,2025-06-05 07:55:01+00:00,"**መነሻዬ ድክድክ
☑️ባለድምጽ የልጆች መመሪያ
☑️በአማርኛና በእንግሊዝኛ 
☑️150 መማሪያ ካርዶች ያሉት

👉ለበለጠ መረጃ ከታች ያለውን ድህረ ገጽ ይጫኑ
**https://meneshaye-official.com/meneshaye-lelije/dik-dik.html**


👉ይደውሉ **0989939393** ወይም **0930323334** ያሉበት እንደርሳለን


አዳዲስ ምርቶችን ከፈለጉ ቴሌግራም ቻናላችንን በመቀላቀል ቤተሰብ ይሁኑ
**https://t.me/meneshayeofficial"
@meneshayeofficial,1014,2025-06-04 16:01:34+00:00,"የሂሳብ ሊቅ መነሻ ጥቅል 
ቁጥርን ከመቁጠር ጀምሮ ሂሳብን በቀላሉ የሚማሩበት

0930323334/0989939393 

#forkids #kidstoys #kidsoftiktok #baby"
@meneshayeofficial,1012,2025-05-31 09:59:52+00:00,"ልጆቻችሁን በምን እና እንዴት ማስጠናት እንዳለባችሁ ግራ ለተጋባችሁ ወላጆች!

**ይደውሉ **0989939393** ወይም **0930323334** ያሉበት እንደርሳለን**"
@meneshayeofficial,1011,2025-05-30 07:19:37+00:00,"**መነሻዬ ድክድክ
☑️ባለድምጽ የልጆች መመሪያ
☑️በአማርኛና በእንግሊዝኛ 
☑️150 መማሪያ ካርዶች ያሉት

👉ለበለጠ መረጃ ከታች ያለውን ድህረ ገጽ ይጫኑ
****https://meneshaye-official.com/meneshaye-lelije/dik-dik.html****


👉ይደውሉ ****0989939393**** ወይም ****0930323334**** ያሉበት እንደርሳለን


አዳዲስ ምርቶችን ከፈለጉ ቴሌግራም ቻናላችንን በመቀላቀል ቤተሰብ ይሁኑ
**https://t.me/meneshayeofficial"
@meneshayeofficial,1010,2025-05-29 09:36:53+00:00,"መጻፍ እና ማንበብ ለማይችሉ ልጆች የሚሆን  የልጆች መመሪያ ጥቅል

☎️ 0989939393/0930323334


#kidslearning #educationforkids #parenting #parentingtips #ethiopia#ethiopianfamily"
@meneshayeofficial,1009,2025-05-28 12:08:06+00:00,"☑️ለልጅ የሚሰጥ ምርጥ ስጦታ

☑️ከእርሳስ አያያዝ ጀምሮ አማርኛና እንግሊዘኛ በቀላሉ ማንበብና መፃፍ የሚያስችል ጥቅል የቀለሜ መነሻ ጥቅል

☎️0930323334/0989939393 ይደውሉልን


 #EducationalToys #learningtoys #stemtoys #LEGO #forkids #meneshaye #መነሻዬ"
@meneshayeofficial,1008,2025-05-27 12:20:19+00:00,"**ከራስ በላይ  2በ1 የሚዘረጋ ሶፋና አልጋ ይለያል!!
ከሶስት አመት ዋስትና ጋር

****0989939393****/0911259661 ይዘዙን ያሉበት እናደርሳለን

ለበለጠ
 telegram :****https://t.me/kerasbelayofficial****
tik tok:****tiktok.com/@kerasbelayofficial**"
@meneshayeofficial,1007,2025-05-27 09:20:42+00:00,"**የልጆችዎን ነገ ዛሬ ያስጀምሩ !!
የቀለሜ መነሻ ጥቅል

**👉ከእርሳስ አያያዝ ጀምሮ አማርኛና እንግሊዘኛ በቀላሉ ማንበብና መፃፍ የሚያስችል ጥቅል የቀለሜ መነሻ ጥቅል

👉ስለቀለሜ መነሻ የበለጠ ለማወቅ ከታች ያለውን ማስፈንጠሪያ ይጫኑ
**https://meneshaye-official.com/meneshaye-lelije/yekeleme-menesha.html**

☎️ይደውሉ 0989939393 ወይም 0930323334 ያሉበት እንደርሳለን
http://tiktok.com/@meneshayeofficial

#forkids #kidsactivities #kidstoys #kidsoftiktok"
@meneshayeofficial,1006,2025-05-27 07:57:59+00:00,"**የሚዘረጋ ሶፍ
ሲዘረጋ ከሶፋ ወደ ፍራሽ
ከሶስት አመት ዋስትና ጋር

ስለምርቱ ማብራሪያ ከፈለጉ ከታች ያለውን ይጫኑ

telegram :****https://t.me/kerasbelayofficial****
tik tok:****tiktok.com/@kerasbelayofficial**

☎️0989939393/0911259661"
@meneshayeofficial,1005,2025-05-20 12:30:03+00:00,"**የሚዘረጋ ሶፋ

የቤተሰብ ባለውለታ ከማረፊያ እስከ መተኛ!!
**
👉ስትፈልጉ አልጋ የምታደርጉት
👉ሁሌም አዲስ የማይረግብ የማይሟሽሽ
👉ከተረጋገጠ ሶስት አመት ዋስትና ጋር

☑️0989939393  📱0911259661 
🚴‍♂️ ይዘዙን ያሉበት ድረስ እናመጣለን‼️


#foldablesofabed #FoldableMattress #gelagle #kerasbelay#addisababa #onlineshopping #sofa #Mattress #ገላግሌ"
@meneshayeofficial,1004,2025-05-17 11:07:10+00:00,"**የሚዘረጋ ሶፋ
**
**በቀንም በማታ የምቾትዎ አለኝታ!
**
👉ስትፈልጉ አልጋ የምታደርጉት
👉ሁሌም አዲስ የማይረግብ የማይሟሽሽ
👉ከተረጋገጠ ሶስት አመት ዋስትና ጋር

☑️0989939393  📱0911259661 
🚴‍♂️ ይዘዙን ያሉበት ድረስ እናመጣለን‼️


#foldablesofabed #FoldableMattress #gelagle #kerasbelay#addisababa #onlineshopping #sofa #Mattress #ገላግሌ"
@meneshayeofficial,1003,2025-05-15 11:01:41+00:00,https://www.tiktok.com/@gelagle_?_t=ZM-8wNGRdFTctq&_r=1
@meneshayeofficial,1002,2025-05-14 15:31:41+00:00,"እስከዛ 2በ1 የልጆች ፖፖ

👉ተነጥሎ ወጥቶ ሲንክ ላይ የሚቀመጥ
👉ለልጆች ምቹ የሆነ ልዩ ዲዛይን
👉የልጆዎን ደህንነት የሚጠብቅ
👉ማይቀዘቅዝ እና የማይቆረቁር 
👉በጣም ጠንካራ
👉ለማፅዳት አመቺ እና በቀላሉ የሚነቃቀል
👉የተረጋገጠ የ አንድ ዓመት ዋስትና እንሰጣለን‼️


0989939393    /   📱0911259661 

🚴‍♂️ ይዘዙን ያሉበት ድረስ እናመጣለን‼️

👉በሚሊኒየም እና ኤግዚቢሽን ባዛር ያገኙናል

👉#kidspottytraining #የልጅ_ልጅ_ደስታ #mombabycare #ethiomom #addisababa #gelagle"
@meneshayeofficial,1001,2025-05-13 13:27:42+00:00,"**የገላግሌ እህት ብራድ የሆነው ከራስ በላይ ችግር ፈቺ የሆኑ የግል ምቾትን እና ደህንነትን የሚጠብቁ ምርቶችን በቅርቡ  ያቀርባል ።

ወድ የገላግሌ እና የመነሻዬ ደንበኞቻችን ከራስ በላይ ምርቶችን በቀላሉ እንዲያገኙ ከዚህ በታች ባስቀመጥንልዎ ማስፈንጠሪያ ተጠቅመው  ድረ ገጻችን  ይቀላቀሉ ።

telegram :****https://t.me/kerasbelayofficial****
tik tok:****tiktok.com/@kerasbelayofficial**"
@meneshayeofficial,1000,2025-05-09 16:02:46+00:00,"በሪሞት የሚንቀሳቀሱ ጠንካራና ቅንጡ መኪኖችን ለልጆችዎ ከመነሻዬ ይሸምቱ!!

👉 መነሻዬ የልጆችዎን መነሻ የሚያቀሉ ትምህርታዊ መጫዎቻዎችን የሚያገኙበት ስፍራ!!

📍ጉርድ ሾላ ሆሊ ሲቲ ሴንተር 3ኛ ፎቅ

ይደውሉ 0989939393 / 0930323334

website:- https://meneshaye-official.com/en/meneshaye-rc-cars.html"
@meneshayeofficial,999,2025-05-08 17:53:34+00:00,"**ገላግሌ የልጆች ምግብ መስሪያ
ይህን ያህል ቀሏል!!
☑️ይቀቅላል☑️ይፈጫል☑️ያልማል☑️ፀረ-ብክለት☑️በራሱ የሚፀዳ

👉ከፍተኛ ጉልበት ስላለው በፍጥነት ምግብ ያዘጋጃል
👉የራሱ ሰአት መቆጣጠሪያ ያለው

የተረጋገጠ የ አንድ ዓመት ዋስትና እንሰጣለን‼️

📱**0989939393**    /   📱**0911259661** 

🚴‍♂️ ይዘዙን ያሉበት ድረስ እናመጣለን‼️

👑👑 ውድ ደንበኛችን በስራችን ላይ ሀሳብ እና አስተያየት ካለዎት  በዚህ ስልክ ደዉለዉ ያሳዉቁን። 
**0939091943**



**#foodprocessor** **#forkids** **#kitchengadgets** **#mom** **#mombabycare** **#mombabyfeeding** **#የልጆች** **#ethiopianmother** **#addisababa"
@meneshayeofficial,998,2025-05-07 17:03:15+00:00,"☑️ሁሉንም በአንድ የያዘ የልጆች መጫወቻ

☑️ለበለጠ መረጃ ከታች ያለውን ማስፈንጠሪያ ይጫኑ
https://meneshaye-official.com/en/meneshaye-kids-play.html

☎️**ይደውሉ **0989939393** ወይም **0930323334** ያሉበት እንደርሳለን**"
@meneshayeofficial,997,2025-05-06 15:24:23+00:00,"☑️**የሂሳብ ሊቅ መነሻ ጥቅል

☑️የአለም ቋንቋ ከቻሉ እዳዉ ገብስ ነው

☑️ቁጥርን ከመቁጠር ጀምሮ ሂሳብን በቀላሉ የሚማሩበት

☑️ለበለጠ መረጃ ከታች ያለውን ማስፈንጠሪያ ይጫኑ

****https://meneshaye-official.com/meneshaye-lelije/yehisab-liq.html****

☑️ይደውሉ ****0989939393**** ወይም ****0930323334**** ያሉበት እንደርሳለን**"
@meneshayeofficial,996,2025-05-05 15:45:32+00:00,"swing car 
👉 ያለምንም ኤሌክትሪክና ቻረጅ የሚሰራ 
👉 እጃቸውን ተጠቅመው ብቻ የሚነዱት
👉 እስከ 120 ኪሎ ግራም  መሸከም የሚችል

ይደውሉ 0989939393 ወይም 0930323334

የ Swing car ዋጋ ከነ ማብራሪያ
👇👇👇👇👇
 https://meneshaye-official.com/en/meneshaye-manual-vehicles.html

አድራሻ፦
📍 ጉርድ ሾላ ሆሊ ሲቲ ሴንተር 3ኛ ፎቅ
የልጅዎን መነሻ ያቅልሉ!
#swingcar #car #play #toy #kid #store #game #entertain #gift #logicalthinking #educationaltoys #meneshaye"
@meneshayeofficial,995,2025-05-03 11:07:00+00:00,"የቀለሜ መነሻ ጥቅል
👉ከእርሳስ አያያዝ ጀምሮ አማርኛና እንግሊዘኛ በቀላሉ ማንበብና መፃፍ የሚያስችል ጥቅል የቀለሜ መነሻ ጥቅል
ልጆች እየወደዱ የሚማሩበት ፤ ሳይሰላቹ የሚያጠኑበት!!
👉 ባለ ድምፅ መማሪያ መነሻዬ ፓድ
👉 የሰአት አቆጣጠርን የሚማሩበት
👉 የስዕል ችሎታቸውን የሚያዳብሩበት
👉 11 እየፃፉና እያጠፉ የሚለማመዱባቸው መፃህፍት
👉 ኤሌክትሮኒክ ሰሌዳና 2በ1 ሰሌዳ
👉 የሰዓት መማሪያ ቦርድ
👉 ከ20 በላይ ማርከሮችና ጠመኔዎችን ያካተተ
👉 በዶ/ር ኢዮብ ማሞ ተዘጋጅቱ ለወላጆች ከመነሻዬ ከተበረከተ ስጦታ ጋር
ዋጋ 12000
ስለቀለሜ መነሻ የበለጠ ለማወቅ ከታች ያለውን ማስፈንጠሪያ ይጫኑ
https://meneshaye-official.com/meneshaye-lelije/yekeleme-menesha.html

☎️ይደውሉ 0989939393 ወይም 0930323334 ያሉበት እንደርሳለን
http://tiktok.com/@meneshayeofficial"
@meneshayeofficial,994,2025-05-02 15:35:53+00:00,"4D HUMAN ANATOMY

☑️ለጆች እየገጣጠሙ ይጫወቱ ስለሰውነት ክፍሎች በጥልቀት ይወቁ!

👉የበለጠ ለማወቅ ከታች ያለውን ማስፈንጠሪያ ይጫኑ

**https://meneshaye-official.com/en/meneshaye-4d-anatomy.html**  

👉ይደውሉ 0989939393 ወይም 0930323334 ያሉበት እንደርሳለን

👉http://tiktok.com/@meneshayeofficial

👉አድራሻ፦ ጉርድ ሾላ ሆሊ ሲቲ ሴንተር ፤ ፒያሳ ካንትሪ ታወር ፤ ጀሞ ደሊና ሞል ፤ ገርጂ ከፋውንቴን ህንፃ ፊት ለፊት

🙏ውድ ደንበኛችን በስራችን ላይ ሀሳብ እና አስተያየት 
     ካለዎት ብቻ በዚህ ስልክ ደዉለዉ ያሳዉቁን። 
    0939091943"
@meneshayeofficial,993,2025-04-30 09:23:39+00:00,"**ባለ ድምፅ በካርድ የሚሰራ የህፃናት መመሪያ!!

ልጆችዎ ድክ ድክ ብለው ንግግር ይጀምሩ
👉150 አማርኛ፣ እንግሊዘኛ እና ሂሳብ መማሪያ ካርድ ያለው
🗣ድክዬ ድክዬ. . .ድክ. . .ድክዬ
ሰምቼ ማልጠግባት ውብ መማሪያዬ

👉የመጀመሪያ ደረጃ ባለድምፅ የልጆች መማሪያ

👉በአማርኛ እና በእንግሊዘኛ ቋንቋ

👉ትምህርት ቤት ላልገቡ ቤት ውስጥ ለተቀመጡ ህፃን ተመራጭ

👉በቻርጅም በባትሪም የሚሰራ ሲሆን ወደተፈለገው ቦታ ይዞ ለመንቀሳቀስ ምቹ።

የመነሻዬ ድክድክ ማብራሪያ ከነ ዋጋ ለማወቅ ከታች ያለውን መስፈንጠሪያ ይጫኑ

**ስለምርቶ የበለጠ ለማወቅ ይሄን ይጫኑ

https://meneshaye-official.com/meneshaye-lelije/dik-dik.html**

ይደውሉ **0989939393** ወይም **0930323334** ያሉበት እንደርሳለን

**http://tiktok.com/@meneshayeofficial**
**
#kidsoftiktok**  **#kidsactivities** **#forkids**  **#science** **#children** **#kids** **#knowledge** # **#kidsactivities** **#kidsoftiktok"
@meneshayeofficial,992,2025-04-28 07:21:53+00:00,"ስለምርቱ እኛ ሳንሆን የተጠቀሙበት  መስክረውለታል  !   
👉የልጆች ጠረቤዛ ከነወንበር
👉በጣም ጠንካራ
👉ማንጠልጠያ ያለው
👉በፈለጉት መጠን ከፍ ዝቅ የሚያረጉት
👉የራሱ መሳቢያ ያለው 
👉ከላይ የተገጠመለት መጽሐፍ ማስቀመጫ ያለው እያዩ እንዲጽፉ የሚያስችላቸው
**☎️ **0989939393** / **0930323334** ይዘዙን ያሉበት እናደርሳለን**

የመነሻዬ ቴሌግራም ቻናል ይቀላቀሉ
👉**https://t.me/meneshayeofficial**"
@meneshayeofficial,980,2025-04-27 13:09:50+00:00,"ለልጆቻችሁ ሞባይል አትስጡ !
ለጥንቃቄ ያህል ይህን ቪዲዮ ይመልከቱ

0989939393/0930323334"
@meneshayeofficial,979,2025-04-25 16:49:50+00:00,"**እስከዛ 2በ1 የልጆች ፖፖ
**
👉ተነጥሎ ወጥቶ ሲንክ ላይ የሚቀመጥ
👉**ለልጆች ምቹ የሆነ ልዩ ዲዛይን
👉የልጆዎን ደህንነት የሚጠብቅ
👉ማይቀዘቅዝ እና የማይቆረቁር 
👉በጣም ጠንካራ
👉ለማፅዳት አመቺ እና በቀላሉ የሚነቃቀል
👉የተረጋገጠ የ አንድ ዓመት ዋስትና እንሰጣለን‼️
**

0989939393**    /   📱**0911259661** 

🚴‍♂️ ይዘዙን ያሉበት ድረስ እናመጣለን‼️

👉በሚሊኒየም እና ኤግዚቢሽን ባዛር ያገኙናል

👉**#kidspottytraining** **#የልጅ_ልጅ_ደስታ** **#mombabycare** **#ethiomom** **#addisababa** **#gelagle"
@meneshayeofficial,978,2025-04-19 11:54:17+00:00,"📱0989939393    /   📱0911259661 

🚴‍♂️ ይዘዙን ያሉበት ድረስ እናመጣለን‼️"
@meneshayeofficial,977,2025-04-17 18:19:20+00:00,"📱0989939393📱0911259661 

🚴‍♂️ ይዘዙን ያሉበት ድረስ እናመጣለን‼️"
@meneshayeofficial,976,2025-04-17 12:21:02+00:00,www.tiktok.com/@gelagle_/live?source=h5_m&_r=1&enter_from_merge=share&enter_method=share&share_from_user_id=6887020984789730310&user_id=6887020984789730310&sec_user_id=MS4wLjABAAAARQexPoSaqApY6q5aveOh8oocwc9GfI1SrwGB6y4hsGjL2qrPRRrfLNGl1heWyLhj&utm_source=copy&utm_campaign=client_share&utm_medium=android&share_iid=7493869067544479494&share_link_id=94f27077-963f-4567-9788-afa1a2dcb51f&share_app_id=1233&ugbiz_name=LIVE&ug_btm=b2878%2Cb4180&timestamp=1744892355&social_share_type=10&enable_checksum=1
@meneshayeofficial,975,2025-04-17 11:29:42+00:00,"ገላግሌ ቡናና ቅመም መፍጫ
👉ለቡናና ለቅመም ሁለት  የተለያየ መፍጫ ያለው
👉 2 የማቀዝቀዣ (ፋን) ሲስተም ያለው
👉መያዣው ከሞተሩ ስለሚለይ ለማፅዳት ቀላል
☑️የተረጋገጠ የ አንድ ዓመት ዋስትና እንሰጣለን‼️

📱0989939393📱0911259661 

🚴‍♂️ ይዘዙን ያሉበት ድረስ እናመጣለን‼️

👉 ቲክቶክ ቻናል ወይም ፌስቡክ ገፃችንን ይጎብኙ!!

🎯 ቲክቶክ:http://tiktok.com/@gelagle_
🎯 ቴሌግራም https://t.me/gelaglewoch፡http://facebook.com/@gelagleofficial
🎯 ዌብሳይት፡- https://gelagle-official.com/


#spice #ቡና_መፍጫ #coffe_grinder  #ethiopiancoffee #spice_grind  #gelagle  #Ethiopia inder #የቤትዕቃ"
@meneshayeofficial,974,2025-04-17 11:27:14+00:00,"**የቤት ጽዳት ጉዳይ ልጅ እየተከባከብኩኝ ቢሆንም እንኳን የገላግሌን የቤት ማጽጃ 3ቱን በአንድ ላይ በ 6800 ብር ገዝቼ ተገላግያለው ብላለች እናንተስ?
**
👉**በራሱ የሚጨምቅ መወልወያ
👉የምንጣፍ መጥረጊያ
👉የመስታወት መወልወያ

👉ለበአል ታላቅ ቅናሽ በማይታመን ዋጋ

🏏አድራሻ ፦
1 .ጉርድ ሾላ ሆሊ ሲቲ ሴንተር 3ኛ ፎቅ
2 . ፒያሳ ካንትሪ ታወር 2ኛ ፎቅ፤
3 . ጀሞ ደሊና ህንፃ ምድር ላይ
(ውልና ማስረጃ ያለበት ህንፃ) 
4 . ገርጂ መብራት ሃይል
      ፋውንቴን ህንፃ ፊት ለፊት

👉የተረጋገጠ የ አንድ ዓመት ዋስትና እንሰጣለን‼️

📱**0989939393**    /   📱**0911259661** 

🚴‍♂️ ይዘዙን ያሉበት ድረስ እናመጣለን‼️

☑️በሱቆቻችን እና በኤግዚቢሽን፤ ሚሊኒየምና በአዳማ ባዛር ያገኙናል
👑👑 ውድ ደንበኛችን በስራችን ላይ ሀሳብ እና አስተያየት ካለዎት  በዚህ ስልክ ደዉለዉ ያሳዉቁን። 
**0939091943**

👉 ቲክቶክ ቻናል ወይም ፌስቡክ ገፃችንን ይጎብኙ!!

🎯 ቲክቶክ:**http://tiktok.com/@gelagle_**
🎯 ፌስቡክ፡**http://facebook.com/@gelagleofficial**
🎯 ዌብሳይት፡- **https://gelagle-official.com/**

**#homeappliancestores** **#appliances** **#viralproducts** #fyp#ገላግሌ#gelagle#mop#floorcleaning **#homecleaning** **#homeappliances** **#መጥረጊያ** **#fypシ**゚viralシfypシ゚viralシalシ **#fasika"
@meneshayeofficial,973,2025-04-17 11:26:37+00:00,"2ቱን በአንድ ላይ ** ምንጣፍ መጥረጊያ እና መስታወት ማፅጃ  በ 4600
👉ምንጣፍ መጥረጊያ እና መስታወት ማፅጃ ሁለቱን በአንድ ላይ 
👉መሰታወት ማፅጃ
👉ለእንከን አልባ ፅዳት
👉ያለ ኤሌክትሪክ 
👉ፈር ላለውም ለሌለውም የሚሆን!
ደቃቅ ቆሻሻዎችን ሳያስቀር
ልቅ. . . . .ም  አድርጎ የሚያፀዳ

የተረጋገጠ የ አንድ ዓመት ዋስትና እንሰጣለን‼️

👉ሁለቱን በአንድ ላይ 4600

☎️ **0989939393** / **0911259661**

🏏አድራሻ ፦
1 .ጉርድ ሾላ ሆሊ ሲቲ ሴንተር 3ኛ ፎቅ
2 . ፒያሳ ካንትሪ ታወር 2ኛ ፎቅ፤
3 . ጀሞ ደሊና ህንፃ ምድር ላይ
(ውልና ማስረጃ ያለበት ህንፃ) 
4 . ገርጂ መብራት ሃይል
      ፋውንቴን ህንፃ ፊት ለፊት


**#carpet** **#gelagele_** **#cleaning** **#HouseholdItems** **#housecleaningservice** **#ethiopian_tik_tok** **#ገላግሌ** **#onlineshopping"
@meneshayeofficial,972,2025-04-16 09:25:30+00:00,"የቴምር ፍሬውን እንዳትጥሉት!!!

ገላግሌ ቡናና ቅመም መፍጫ
👉ለቡናና ለቅመም ሁለት  የተለያየ መፍጫ ያለው
👉 2 የማቀዝቀዣ (ፋን) ሲስተም ያለው
👉መያዣው ከሞተሩ ስለሚለይ ለማፅዳት ቀላል
☑️የተረጋገጠ የ አንድ ዓመት ዋስትና እንሰጣለን‼️

📱0989939393📱0911259661 

🚴‍♂️ ይዘዙን ያሉበት ድረስ እናመጣለን‼️

👉 ቲክቶክ ቻናል ወይም ፌስቡክ ገፃችንን ይጎብኙ!!

🎯 ቲክቶክ:http://tiktok.com/@gelagle_
🎯 ቴሌግራም https://t.me/gelaglewoch፡http://facebook.com/@gelagleofficial
🎯 ዌብሳይት፡- https://gelagle-official.com/


#spice #ቡና_መፍጫ #coffe_grinder  #ethiopiancoffee #spice_grind  #gelagle  #Ethiopia inder #የቤትዕቃ"
@meneshayeofficial,970,2025-04-12 09:30:16+00:00,"በገላግሌ የስጋ መፍጫ
በሁሉም ማጀት ሊኖር የሚገባ
👉ለስጋ
👉ለጨጓራ
👉ለጎመን ክትፎ አቻ የማይገኝት
🎄ቤትዎ ሆነው ስጋን 
ያለ ኤሌክትሪክ ይፍጩ!!!

ዋጋ 3500 ብር
  **የተረጋገጠ የ አንድ ዓመት ዋስትና እንሰጣለን‼️

📱**0989939393**    /   📱**0911259661** 

🚴‍♂️ ይዘዙን ያሉበት ድረስ እናመጣለን‼️

☑️በሱቆቻችን እና በኤግዚቢሽን፤ ሚሊኒየምና በአዳማ ባዛር ያገኙናል
👑👑 ውድ ደንበኛችን በስራችን ላይ ሀሳብ እና አስተያየት ካለዎት  በዚህ ስልክ ደዉለዉ ያሳዉቁን። 
**0939091943**

👉 ቲክቶክ ቻናል ወይም ፌስቡክ ገፃችንን ይጎብኙ!!

🎯 ቲክቶክ:**http://tiktok.com/@gelagle_**
🎯 ፌስቡክ፡**http://facebook.com/@gelagleofficial**
🎯 ዌብሳይት፡- **https://gelagle-official.com/
#ገላግሌ #kitchen #gelagle #meat_mincer
#ስጋመፍጫ #ገላግሌ_ስጋ_መፍጫ #mincer  #  #cheff #kitchen #best_forkitchen #gelagle  #addisabeba #ክትፎ"
@meneshayeofficial,969,2025-04-12 08:00:51+00:00,"**የገላግሌ 28cm ባለክዳን  መጥበሻ

በፍፁም የማይዙ ፤የማይጫጫሩ  ፤የማይዝጉ

የተረጋገጠ የ አንድ ዓመት ዋስትና እንሰጣለን‼️

👉28ሴ.ሜ ስፋት:4000
**
**👉የተረጋገጠ የ አንድ ዓመት ዋስትና እንሰጣለን‼️

📱**0989939393**    /   📱**0911259661** 

🚴‍♂️ ይዘዙን ያሉበት ድረስ እናመጣለን‼️

☑️በሱቆቻችን እና በኤግዚቢሽን፤ ሚሊኒየምና በአዳማ ባዛር ያገኙናል
👑👑 ውድ ደንበኛችን በስራችን ላይ ሀሳብ እና አስተያየት ካለዎት  በዚህ ስልክ ደዉለዉ ያሳዉቁን። 
**0939091943**

👉 ቲክቶክ ቻናል ወይም ፌስቡክ ገፃችንን ይጎብኙ!!

🎯 ቲክቶክ:**http://tiktok.com/@gelagle_**
🎯 ፌስቡክ፡**http://facebook.com/@gelagleofficial**
🎯 ዌብሳይት፡- **https://gelagle-official.com/

#Kitchenware #cooking #foodrecipes #Ethiopia #fasika #onlineshopping #gelagle"
@meneshayeofficial,968,2025-04-11 11:57:10+00:00,"በዓልን ምክንያት በማድረግ ሶስቱን በማይታመን ዋጋ በ 6800 ብር ብቻ
👉በራሱ የሚጨነቅ መወልወያ
👉ምንጣፍ መጥረጊያ
👉የመስታወት መወልወያ

👉ታላቅ ቅናሽ በ 6800 ብር ብቻ

☑️የተረጋገጠ የ አንድ ዓመት ዋስትና እንሰጣለን‼️

የማህበራዊ ሚዲያ ገፆቻችንን ይጎብኙ፦
https://linktr.ee/gelalge


☎️ 0989939393 / 0911259661 ይዘዙን ያሉበት እናደርሳለን

☎️ከላይ ያለው ስልክ ካልተነሳ ወይም ለአስተያየት 0939091943 ይደውሉልን

👉የተረጋገጠ የአንድ አመት ዋስትና እንሰጣለን

#homeappliancestores #carpet #gelagele_ #cleaning #HouseholdItems #housecleaningservice #ethiopian_tik_tok #ገላግሌ #onlineshopping #aliexpressglass"
@meneshayeofficial,967,2025-04-11 11:56:54+00:00,"የገላግሌ ድስቶች እና መጥበሻ
በፍፁም የማይዙ ፤የማይጫጫሩ  ፤የማይዙ
☑️እንደ አማራጭዎ
ከአንድ አመት ዋስትና ጋር
☑️ 28ሴ.ሜ  ወይም 6ሊትር
☑️ 24 ሴ.ሜ ስፋት ወይም 3ሊትር
☑️ 18 ሴ.ሜ  ስፋት ወይም 1.5ሊትር

 መጥበሻ
☑️28ሴ.ሜ  ☑️ 24 ሴ.ሜ 


የተረጋገጠ የ አንድ ዓመት ዋስትና እንሰጣለን‼️
📱0989939393    /   📱0911259661 
🚴‍♂️ ይዘዙን ያሉበት ድረስ እናመጣለን‼️

☑️**በኤግዚቢሽን፤ ሚሊኒየምና በአዳማ ባዛር ያገኙናል**
👉 ቲክቶክ ቻናል ወይም ፌስቡክ ገፃችንን ይጎብኙ!!

🎯 ቲክቶክ:http://tiktok.com/@gelagle_
🎯 ፌስቡክ፡http://facebook.com/@gelagleofficial
🎯 ዌብሳይት፡- https://gelagle-official.com/

#homeappliancestores #kitchengadgets #fyp #gelagle #cookware #ethiopiancooking #ethiopianmom"
@meneshayeofficial,966,2025-04-07 15:35:45+00:00,ክብር ለእናቶች🙏🙏🙏🙏🙏🙏
@meneshayeofficial,965,2025-04-04 06:24:11+00:00,"ከስምንት አመት ጀምሮ ላሉ ልጆች የሚመከር

📱0989939393    /   0930323334

🚴‍♂️ ይዘዙን ያሉበት ድረስ እናመጣለን‼️"
@meneshayeofficial,964,2025-04-02 07:18:20+00:00,"እስከዛ የልጆች ፖፖ
**ለልጆች ምቹ የሆነ ልዩ ዲዛይን
👉የልጆዎን ደህንነት የሚጠብቅ
👉ማይቀዘቅዝ እና የማይቆረቁር 
👉በጣም ጠንካራ
👉ለማፅዳት አመቺ እና በቀላሉ የሚነቃቀል
👉የተረጋገጠ የ አንድ ዓመት ዋስትና እንሰጣለን‼️
👉**5000

0989939393**    /   📱**0911259661** 

🚴‍♂️ ይዘዙን ያሉበት ድረስ እናመጣለን‼️

👉በሚሊኒየም እና ኤግዚቢሽን ባዛር ያገኙናል

👉**#kidspottytraining** **#የልጅ_ልጅ_ደስታ** **#mombabycare** **#ethiomom** **#addisababa** **#gelagle"
@meneshayeofficial,963,2025-04-02 05:08:51+00:00,"የልጆች ደህንነት መጠበቂያ!

አድራሻ፦
📍ጉርድ ሾላ ሆሊ ሲቲ ሴንተር 3ኛ ፎቅ
ይምጡ በመነሻዬ የልጅዎን መነሻ ያቅልሉ!

ይደውሉ 0989939393 ወይም 0930323334

Telegram > http://t.me/meneshayeofficial
Tiktok > http://tiktok.com/@meneshayeofficial
Facebook > http://facebook.com/@meneshayeofficial"
@meneshayeofficial,962,2025-04-01 05:28:49+00:00,"👉ቆይ ቆይ እየጠበቃችሁት እና በደንበኞች የተመሰከረለት ምርት ላሳያችሁ

👉ስለምርቱ እኛ ሳንሆን የተጠቀሙበት  መስክረውለታል  !   

👉የልጆች ጠረበዛ ከነወንበር

👉በጣም ጠንካራ

👉ማንጠልጠያ ያለው

👉በፈለጉት መጠን ከፍ ዝቅ የሚያረጉት

👉የራሱ መሳቢያ ያለው 

👉ከላይ የተገጠመለት መጽሐፍ ማስቀመጫ ያለው እያዩ እንዲጽፉ የሚያስችላቸው

**☎️ **0989939393** / **0911259661** ይዘዙን ያሉበት እናደርሳለን**

**ቲክቶክ ቻናል ወይም ፌስቡክ ገፃችንን ይጎብኙ!!

🎯 ቲክቶክ:**http://tiktok.com/@gelagle_**
🎯 ፌስቡክ፡**http://facebook.com/@gelagleofficial**
🎯 ዌብሳይት፡- **https://gelagle-official.com/"
@meneshayeofficial,960,2025-03-29 14:02:48+00:00,"ለመሸለም
1.   http://tiktok.com/@gelagle_ tik tok account መቀላቀል
3.ለ አምስት ሰው ማጋራት
2..ኮሜንት ላይ   @ gelagle_  ብለው ሜንሽን በማድረግ ፣ ለእናታችሁ ፍቅራችሁን መግለጽ እና ብዙ ላይክ ያገኘ ተሸላሚ ይሆናል"
@meneshayeofficial,959,2025-03-25 10:08:26+00:00,"👉የቀለሜ መነሻ ጥቅል በዉስጡ ባለድምጽ መማሪያ ፓድ፤ መነሻዬ ኤሌክትሮኒክ ሰሌዳ ፤ልጆች
ደጋግመው የሚፅፉበት ፤ የፃፉትን በቀላሉ የሚያጠፉበትን 11 መጽሀፍቶችን ያካተተ ነዉ።

👉ለበለጠ ለማወቅ ከታች ያለውን ሊንክ ይጫኑ

https://meneshaye-official.com/meneshaye-lelije/yekeleme-menesha.html

#መነሻዬ #ቀለሜጥቅል #kids #kidstoys
#kidseducationaltoys #parents #kidsactivities
#toyshop"
@meneshayeofficial,958,2025-03-23 09:46:41+00:00,"Easy Electric Circuits 

ልጆችዎ ስለኤሌክትሪክ እየተጫወቱ ይወቁ!!

👉64 መለማመጃዎች ያሉት
👉15 የሰርኪዩትና 5 ሞተር ነክ ሙከራዎች ያሉት
👉ስለ ፓራላል እና ሲሪየስ ሰርኪዩት ፣ ቮልቴጅ፣ ከረንት ፣ ሞተር ፣ጄኔሬተርና ሌሎች ከኤሌክትሪክ ጋር የተገናኙ እውቀቶችን የሚያገኙበት
👉እያንዳንዱን አሰራር የሚያሳይ አጋዥ ማኑዋል ያለው
👉ልጆች በጋራ ሆነው ሊማሩበት የሚያስችል

👉የልጆችን የፈጠራ ክህሎት በእጅጉ የሚያዳብር
👉በራስ መተማመናቸውን የሚጨምር
👉ለልጆችዎ ምርጥ ስጦታ መሆን የሚችል
👉ጠንካራና ለረዥም ጊዜ እንዲጠቀሙበት ሆኖ የተዘጋጀ

ዋጋ 3300

አድራሻ፦
📍ጉርድ ሾላ ሆሊ ሲቲ ሴንተር 3ኛ ፎቅ
ይምጡ በመነሻዬ የልጅዎን መነሻ ያቅልሉ!

ይደውሉ 0989939393 ወይም 0930323334

Telegram > http://t.me/meneshayeofficial
Tiktok > http://tiktok.com/@meneshayeofficial
Facebook > http://facebook.com/@meneshayeofficial

#electricity #circuit #physics #enginnering  #creativity  #ልጆች  #gift   #entertain #toy #kid   #educationaltoys #meneshaye
#meneshayestore#ethiopianparents #stemforkids #learningwithfun #kidseducationalactivities"
@meneshayeofficial,957,2025-03-15 13:41:52+00:00,"ተወዳጇ ድምጻዊት ቤቲ ጂ መነሻዬን ወድዋለች....እናመሰግናለን

ለበለጠ 👉https://meneshaye-official.com/meneshaye-lelije/"
@meneshayeofficial,956,2025-03-13 06:20:28+00:00,"Metal 3D Puzzles 

ይህን 3D በብረት ይስሩ!!

👉ሙሉ በሙሉ ከብረት የሚሰራ
👉የራሱ መቁረጫና ማጠፊያ ያለው
👉ማራኪ ጌጥ መሆን የሚችል
👉ተገጣጥሞ ሲያልቅ 14.7 ሴ.ሜትር ርዝማኔ ያለው
👉ፈታኝ ፐዝል ለሚፈልጉ ተመራጭ
👉አሰራሩን በዝርዝር የሚያሳይ ማኑዋል ያለው

👉ምርጥ ስጦታ መሆን የሚችል
👉አትኩሮትንና ፅናትን የሚለማመዱበት
👉በራስ መተማመንን የሚያዳብር
👉ምናባዊ አቅምንና ፈጠራን የሚያጎለብት
👉ዘና ለማለትና የመጨናነቅ ስሜትን ለመቀነስ የሚረዳ

📱0989939393    /   0930323334

🚴‍♂️ ይዘዙን ያሉበት ድረስ እናመጣለን‼️

👑👑 ውድ ደንበኛችን በስራችን ላይ ሀሳብ እና አስተያየት ካለዎት  በዚህ ስልክ ደዉለዉ ያሳዉቁን። 
0939091943

🏏አድራሻ ፦
1 .ጉርድ ሾላ ሆሊ ሲቲ ሴንተር 3ኛ ፎቅ
2 . ፒያሳ ካንትሪ ታወር 2ኛ ፎቅ፤
3 . ጀሞ ደሊና ህንፃ ምድር ላይ
(ውልና ማስረጃ ያለበት ህንፃ) 
4 . ገርጂ መብራት ሃይል
      ፋውንቴን ህንፃ ፊት ለፊት


የተረጋገጠ የ አንድ ዓመት ዋስትና እንሰጣለን‼️

👉 ቲክቶክ ቻናል ወይም ፌስቡክ ገፃችንን ይጎብኙ!!

🎯 ቲክቶክ:http://tiktok.com/@meneshayeofficial
🎯 ፌስቡክ፡http://facebook.com/@meneshayeofficial
🎯 ዌብሳይት፡- https://meneshaye-official.com/

#puzzle #kidsactivities #puzzlechallenge #ethioparents #addisabebaparents #meneshaye #የልጆች_መጫወቻ"
@meneshayeofficial,955,2025-03-10 07:44:30+00:00,"**ገላግሌ የልጆች ምግብ መስሪያ

በገላግሌ የልጆች ምግብ መስሪያ የልጆዎን ጤና እና ደስታ ያረጋግጡ!!

☑️ይቀቅላል
☑️ይፈጫል
☑️ያልማል
☑️ፀረ-ብክለት
☑️በራሱ የሚፀዳ

🔥እሺ ምን ቀረ?

👉ከፍተኛ ጉልበት ስላለው በፍጥነት ምግብ ያዘጋጃል
👉የራሱ ሰአት መቆጣጠሪያ ያለው


የተረጋገጠ የ አንድ ዓመት ዋስትና እንሰጣለን‼️


📱****0989939393****    /   📱****0911259661**** 

🚴‍♂️ ይዘዙን ያሉበት ድረስ እናመጣለን‼️

👑👑 ውድ ደንበኛችን በስራችን ላይ ሀሳብ እና አስተያየት ካለዎት  በዚህ ስልክ ደዉለዉ ያሳዉቁን። 
****0939091943****

🏏አድራሻ ፦
1 .ጉርድ ሾላ ሆሊ ሲቲ ሴንተር 3ኛ ፎቅ
2 . ፒያሳ ካንትሪ ታወር 2ኛ ፎቅ፤
3 . ጀሞ ደሊና ህንፃ ምድር ላይ
(ውልና ማስረጃ ያለበት ህንፃ) 
4 . ገርጂ መብራት ሃይል
      ፋውንቴን ህንፃ ፊት ለፊት


👉 ቲክቶክ ቻናል ወይም ፌስቡክ ገፃችንን ይጎብኙ!!

🎯 ቲክቶክ:****http://tiktok.com/@gelagle_****
🎯 ፌስቡክ፡****http://facebook.com/@gelagleofficial****
🎯 ዌብሳይት፡- ****https://gelagle-official.com/****



****#foodprocessor**** ****#forkids**** ****#kitchengadgets**** ****#mom**** ****#mombabycare**** ****#mombabyfeeding**** ****#የልጆች**** ****#ethiopianmother**** ****#addisababa**"
@meneshayeofficial,954,2025-03-09 08:16:42+00:00,"እስከዛ የልጆች ፖፖ

ዳይፐር ወደዛ አለልኝ እስከዛ!!

👉ለልጆች ምቹ የሆነ ልዩ ዲዛይን
👉የልጆዎን ደህንነት የሚጠብቅ
👉ማይቀዘቅዝ እና የማይቆረቁር 
👉በጣም ጠንካራ
👉ለማፅዳት አመቺ እና በቀላሉ የሚነቃቀል
👉የተረጋገጠ የ አንድ ዓመት ዋስትና እንሰጣለን‼️


📱0989939393    /   📱0911259661 

🚴‍♂️ ይዘዙን ያሉበት ድረስ እናመጣለን‼️

👑👑 ውድ ደንበኛችን በስራችን ላይ ሀሳብ እና አስተያየት ካለዎት  በዚህ ስልክ ደዉለዉ ያሳዉቁን። 
0939091943

🏏አድራሻ ፦
1 .ጉርድ ሾላ ሆሊ ሲቲ ሴንተር 3ኛ ፎቅ
2 . ፒያሳ ካንትሪ ታወር 2ኛ ፎቅ፤
3 . ጀሞ ደሊና ህንፃ ምድር ላይ
(ውልና ማስረጃ ያለበት ህንፃ) 
4 . ገርጂ መብራት ሃይል
      ፋውንቴን ህንፃ ፊት ለፊት


የተረጋገጠ የ አንድ ዓመት ዋስትና እንሰጣለን‼️

👉 ቲክቶክ ቻናል ወይም ፌስቡክ ገፃችንን ይጎብኙ!!

🎯 ቲክቶክ:http://tiktok.com/@meneshayeofficial
🎯 ፌስቡክ፡http://facebook.com/@meneshayeofficial
🎯 ዌብሳይት፡- https://meneshaye-official.com/
 

#kidspottytraining #የልጅ_ልጅ_ደስታ #mombabycare #ethiomom #addisababa  #baby #meneshaye #online_shopping #foryou"
@meneshayeofficial,953,2025-03-06 12:31:36+00:00,"**ገላግሌ የልጆች ምግብ መስሪያ

በገላግሌ የልጆች ምግብ መስሪያ የልጆዎን ጤና እና ደስታ ያረጋግጡ!!

☑️ይቀቅላል
☑️ይፈጫል
☑️ያልማል
☑️ፀረ-ብክለት
☑️በራሱ የሚፀዳ

🔥እሺ ምን ቀረ?

👉ከፍተኛ ጉልበት ስላለው በፍጥነት ምግብ ያዘጋጃል
👉የራሱ ሰአት መቆጣጠሪያ ያለው


የተረጋገጠ የ አንድ ዓመት ዋስትና እንሰጣለን‼️


📱****0989939393****    /   📱****0911259661**** 

🚴‍♂️ ይዘዙን ያሉበት ድረስ እናመጣለን‼️

👑👑 ውድ ደንበኛችን በስራችን ላይ ሀሳብ እና አስተያየት ካለዎት  በዚህ ስልክ ደዉለዉ ያሳዉቁን። 
****0939091943****

🏏አድራሻ ፦
1 .ጉርድ ሾላ ሆሊ ሲቲ ሴንተር 3ኛ ፎቅ
2 . ፒያሳ ካንትሪ ታወር 2ኛ ፎቅ፤
3 . ጀሞ ደሊና ህንፃ ምድር ላይ
(ውልና ማስረጃ ያለበት ህንፃ) 
4 . ገርጂ መብራት ሃይል
      ፋውንቴን ህንፃ ፊት ለፊት


👉 ቲክቶክ ቻናል ወይም ፌስቡክ ገፃችንን ይጎብኙ!!

🎯 ቲክቶክ:****http://tiktok.com/@gelagle_****
🎯 ፌስቡክ፡****http://facebook.com/@gelagleofficial****
🎯 ዌብሳይት፡- ****https://gelagle-official.com/****



****#foodprocessor**** ****#forkids**** ****#kitchengadgets**** ****#mom**** ****#mombabycare**** ****#mombabyfeeding**** ****#የልጆች**** ****#ethiopianmother**** ****#addisababa**"
@meneshayeofficial,951,2025-03-02 11:19:30+00:00,"**ለበለጠ መረጃ ከታች ያለውን ማስፈንጠሪያ ይጫኑ

****https://meneshaye-official.com/meneshaye-lelije/dik-dik.html**"
@meneshayeofficial,950,2025-02-27 10:53:09+00:00,"`አዲሱን  መነሻዬ ለልጄ ድህረ ገጽ ይጎብኙ ፣በዚህ የፈለጉትን ይዘዙን ያሉበት ድረስ በነጻ እናደርሳለን!!`

**https://meneshaye-official.com/meneshaye-lelije/**"
@meneshayeofficial,949,2025-02-26 12:56:31+00:00,"**እስከዛ
Baby potty

👉ለልጅዎ ምቾታቸው.... ይህን
አቀረብንላቸው

👉ከአንድ አመት ዋስትና ጋር ዋጋ 4800ብር

📱****0989939393****    /   📱****0911259661**** 

🚴‍♂️ ይዘዙን ያሉበት ድረስ እናመጣለን‼️

👑👑 ውድ ደንበኛችን በስራችን ላይ ሀሳብ እና አስተያየት ካለዎት  በዚህ ስልክ ደዉለዉ ያሳዉቁን። 
****0939091943****

🏏አድራሻ ፦
1 .ጉርድ ሾላ ሆሊ ሲቲ ሴንተር 3ኛ ፎቅ
2 . ፒያሳ ካንትሪ ታወር 2ኛ ፎቅ፤
3 . ጀሞ ደሊና ህንፃ ምድር ላይ
(ውልና ማስረጃ ያለበት ህንፃ) 
4 . ገርጂ መብራት ሃይል
      ፋውንቴን ህንፃ ፊት ለፊት


የተረጋገጠ የ አንድ ዓመት ዋስትና እንሰጣለን‼️

👉 ቲክቶክ ቻናል ወይም ፌስቡክ ገፃችንን ይጎብኙ!!

🎯 ቲክቶክ:****http://tiktok.com/@meneshayeofficial****
🎯 ፌስቡክ፡****http://facebook.com/@meneshayeofficial****
🎯 ዌብሳይት፡- ****https://meneshaye-official.com/****

****#forkids**** ****#kidstoys**** #ፖፖ#toilettraing#meneshaye#parents ****#baby**** ****#kidsactivities**** ****#meneshaye**** ****#online_shopping**** ****#foryou**** #ethiopia#meneshayeshopping**"
@meneshayeofficial,948,2025-02-22 17:02:00+00:00,"4D HUMAN ANATOMY

`ባይሎጂን`` እየሸጥን ነው!!`

☑️ለጆች እየገጣጠሙ ይጫወቱ ስለሰውነት ክፍሎች በጥልቀት ይወቁ!



ይደውሉ 0989939393 ወይም 0930323334 ያሉበት እንደርሳለን



👉http://tiktok.com/@meneshayeofficial


👉አድራሻ፦ ጉርድ ሾላ ሆሊ ሲቲ ሴንተር ፤ ፒያሳ ካንትሪ ታወር ፤ ጀሞ ደሊና ሞል ፤ ገርጂ ከፋውንቴን ህንፃ ፊት ለፊት

🙏ውድ ደንበኛችን በስራችን ላይ ሀሳብ እና አስተያየት 
     ካለዎት ብቻ በዚህ ስልክ ደዉለዉ ያሳዉቁን። 
    0939091943


#መነሻዬ #biology#anatomy#body_parts #education#mneshaye#parents#mom#dad #meneshayekids#meneshayeshop 
 #learning #school #students #kidsoftiktok  #student  #forkids  #mathematics#children #kids #knowledge # #kidsactivities #onlineshopping#learn  #onlinemarketing#baby#kidsgame"
@meneshayeofficial,947,2025-02-21 15:30:34+00:00,"**ልጆቼ ትምህርት እንዲወዱ ምን ላድርግ?

ይህ የልጆች ጉዳይ ነው !!

ከታች ያለውን ማስፈንጠሪያ ይጫኑ
            👇👇
****https://meneshaye-official.com/meneshaye-lelije/**"
@meneshayeofficial,946,2025-02-20 15:32:34+00:00,"ከዚህ በታች ያለውን ማስፈንጠሪያ በመጫን የልጆዎን መነሻ ያቅልሉ!!

https://meneshaye-official.com/meneshaye-lelije/"
@meneshayeofficial,945,2025-02-19 15:01:41+00:00,"`የልጄን የስክሪን ሰአት እንዴት ልገድብ?`


ይህ የልጆች ጉዳይ ነው!!

 ከታች ያለውን ማስፈንጠሪያ ይጫኑ
                   👇
**https://meneshaye-official.com/meneshaye-lelije/**"
@meneshayeofficial,944,2025-02-15 10:39:48+00:00,**https://meneshaye-official.com/meneshaye-lelije/dik-dik.html**
@meneshayeofficial,942,2025-02-13 11:01:35+00:00,**https://meneshaye-official.com/meneshaye-lelije/yekeleme-menesha.html**
@meneshayeofficial,940,2025-02-13 09:28:49+00:00,የልጆዎን መነሻ ማደላደል ለሚፈልግ ወላጅ!
@meneshayeofficial,932,2025-02-12 09:20:27+00:00,**https://meneshaye-official.com/meneshaye-lelije/**
@meneshayeofficial,931,2025-02-08 18:49:17+00:00,"☑️**አዲስ ያስገባነው የህፃናት ትምህርታዊ መጫወቻ ለማወቅ ይህን ቪዲዮ ይመልከቱ

☑️ለልጆዎ እድገት የሚጠቅሙ፣ጥራት ያለው፣ከልጆዎ እድሜ ጋር የሚሄድ ትምህርታዊ መጫወቻ ከፈለጉ መነሻዬ ብቅ ይበሉ!!

☎️ይደውሉ ****0989939393**** ወይም ****0930323334**** ያሉበት እንደርሳለን

👉****http://tiktok.com/@meneshayeofficial****


🙏ውድ ደንበኛችን በስራችን ላይ ሀሳብ እና አስተያየት ካለዎት  በዚህ ስልክ ደዉለዉ ያሳዉቁን። 

****0939091943****

አድራሻ ፦
1.ጉርድ ሾላ ከሴንቸሪ ሞል ትንሽ ዝቅ እንዳሉ  ሆሊ ሲቲ ሴንተር ሞል  ሶስተኛ ፎቅ
2 . ፒያሳ ካቴድራል ትምህርት ቤት ፊት ለፊት ካንትሪ ታወር 2ኛ ፎቅ፤
3 . ጀሞ ደሊና ህንፃ ምድር ላይ
(ውልና ማስረጃ ያለበት ህንፃ) 
4 . ገርጂ መብራት ሃይል
      ፋውንቴን ህንፃ ፊት ለፊት  ** "
@meneshayeofficial,930,2025-02-08 12:34:21+00:00,"`የልጅነት ትዝታችን ሚስ ጆሊ ጁስ ስለ ልጅዋ አውቃበታለች!! እናተስ?`**

☎️ይደውሉ ****0989939393**** ወይም ****0930323334**** ያሉበት እንደርሳለን

👉****http://tiktok.com/@meneshayeofficial****


🙏ውድ ደንበኛችን በስራችን ላይ ሀሳብ እና አስተያየት ካለዎት  በዚህ ስልክ ደዉለዉ ያሳዉቁን። 

****0939091943****

አድራሻ ፦
1.ጉርድ ሾላ ከሴንቸሪ ሞል ትንሽ ዝቅ እንዳሉ  ሆሊ ሲቲ ሴንተር ሞል  ሶስተኛ ፎቅ
2 . ፒያሳ ካቴድራል ትምህርት ቤት ፊት ለፊት ካንትሪ ታወር 2ኛ ፎቅ፤
3 . ጀሞ ደሊና ህንፃ ምድር ላይ
(ውልና ማስረጃ ያለበት ህንፃ) 
4 . ገርጂ መብራት ሃይል
      ፋውንቴን ህንፃ ፊት ለፊት   

#መነሻዬ#ገላግሌ #gelageleshopping#gelagle_#gelagleproduct #education#gelagle_#መነሻዬ ድክድክ#meneshaye #meneshayekids#meneshayeshop 
#talkingflashcard#meneshayetablate ****#students**** ****#kidsoftiktok****  ****#kidsactivities**** ****#forkids****  ****#mathematics**** ****#children**** ****#kids**** # ****#kidsactivities**** ****#kidsoftiktok**** #kidsonlineshopping#learn  #kidsonlinemarketing#baby#game**"
@meneshayeofficial,929,2025-02-06 16:28:46+00:00,"የሂሳብ ሊቅ መነሻ ጥቅል

🗣እየተማሩ ተጫወቱ ፤ እየተጫወቱ ተማሩ ፤ መጠቁ ፤ የቁጥርን ሚስጥር አወቁ ፤ የሂሳብ ሊቅ ሊሆኑ!!

👉ቁጥር ከመለየት ጀምሮ መደመር፣መቀነስ፣ማካፈል፣ማባዛት እና ሌሎች የሂሳብ መሰረታዊ ክህሎቶችን በተግባር የሚለማመዱበት ጥቅል

👉የሂሳብ ሊቅ መነሻ ማብራሪያ ከነዋጋ  ለማወቅ ከታች ያለውን ማስፈንጠሪያ ይጫኑ!

https://heyzine.com/flip-book/c8f6379c5d.html

👉ይደውሉ 0989939393 ወይም 0930323334 ያሉበት እንደርሳለን

👉http://tiktok.com/@meneshayeofficial


🙏ውድ ደንበኛችን በስራችን ላይ ሀሳብ እና አስተያየት ካለዎት  በዚህ ስልክ ደዉለዉ ያሳዉቁን። 

0939091943

አድራሻ ፦
1.ጉርድ ሾላ ከሴንቸሪ ሞል ትንሽ ዝቅ እንዳሉ  ሆሊ ሲቲ ሴንተር ሞል  ሶስተኛ ፎቅ
2 . ፒያሳ ካቴድራል ትምህርት ቤት ፊት ለፊት ካንትሪ ታወር 2ኛ ፎቅ፤
3 . ጀሞ ደሊና ህንፃ ምድር ላይ
(ውልና ማስረጃ ያለበት ህንፃ) 
4 . ገርጂ መብራት ሃይል
      ፋውንቴን ህንፃ ፊት ለፊት   

#መነሻዬ#ገላግሌ #gelageleshopping#gelagle_#gelagleproduct #education#gelagle_#መነሻዬ ድክድክ#meneshaye #meneshayekids#meneshayeshop 
#talkingflashcard#meneshayetablate #students #kidsoftiktok  #kidsactivities #forkids  #mathematics #children #kids # #kidsactivities #kidsoftiktok #kidsonlineshopping#learn  #kidsonlinemarketing#baby#game"
@meneshayeofficial,928,2025-02-04 16:40:53+00:00,"`መነሻዬ ልጆች እየተዝናኑ የሚማሩበት ፤ ሳይሰላቹ የሚያጠኑበት!!
`**
👉የቀለሜ መነሻ ጥቅል

ከእርሳስ አያያዝ ችሎታ ጀምሮ ልጆችን ማንበብ ፣ መፃፍ ፣ ማዳመጥ እና ማንበብ  ችሎታቸውን በተቀናጀ መልኩ በምስል ፣ በድምፅና በተግባር የሚለማመዱበት አስደናቂ ጥቅል

👉የቀለሜ መነሻ ማብራሪያ ከነ ዋጋ ለማወቅ ከታች ያለውን መስፈንጠሪያ ይጫኑ

****https://heyzine.com/flip-book/71aeb2292a.html****

👉 የሂሳብ ሊቅ መነሻ

ልጆች እየተጫወቱ ቁጥሮች የሚለዩበት  መደመር ፣ መቀነስ ፣ ማባዛት እና ማካፈል በቀላሉ በተግባር የሚማሩበት የሂሳብ ሊቅ መነሻ ጥቅል።

👉የሂሳብ ሊቅ መነሻ  ማብራሪያ ከነ ዋጋ ለማወቅ ከታች ያለውን መስፈንጠሪያ ይጫኑ

****https://heyzine.com/flip-book/c8f6379c5d.html****

👉መነሻዬ ድክድክ

የመጀመሪያ ደረጃ ባለድምፅ የልጆች መማሪያ
በአማርኛ እና በእንግሊዘኛ ቋንቋ የተዘጋጀ መነሻዬ ድክድክ

👉የመነሻዬ ድክድክ ማብራሪያ ከነ ዋጋ ለማወቅ ከታች ያለውን መስፈንጠሪያ ይጫኑ

****https://heyzine.com/flip-book/31505969db.html****

ይደውሉ ****0989939393**** ወይም ****0930323334**** ያሉበት እንደርሳለን

****http://tiktok.com/@meneshayeofficial****


አድራሻ፦ ጉርድ ሾላ ሆሊ ሲቲ ሴንተር ፤ ፒያሳ ካንትሪ ታወር ፤ ጀሞ ደሊና ሞል ፤ ገርጂ ከፋውንቴን ህንፃ ፊት ለፊት


🙏ውድ ደንበኛችን በስራችን ላይ ሀሳብ እና አስተያየት 
     ካለዎት ብቻ በዚህ ስልክ ደዉለዉ ያሳዉቁን። 
    ****0939091943****



#መነሻዬ#ገላግሌ ****#kids**** ****#gelagle_**** #meneshayekids#meneshayeshop 
#meneshayetablate#students ****#kidsoftiktok****  ****#kidsactivities**** ****#forkids****   ****#meneshaye**"
@meneshayeofficial,927,2025-02-03 18:57:00+00:00,"**ድክዬ ባለ ድምፅ የህፃናት መመሪያ!!

ልጆችዎ ድክ ድክ ብለው ንግግር ይጀምሩ

🗣ድክዬ ድክዬ. . .ድክ. . .ድክዬ
ሰምቼ ማልጠግባት ውብ መማሪያዬ

👉የመጀመሪያ ደረጃ ባለድምፅ የልጆች መማሪያ
በአማርኛ እና በእንግሊዘኛ ቋንቋ

👉ትምህርት ቤት ላልገቡ ቤት ውስጥ ለተቀመጡ ህፃን ተመራጭ

👉በቻርጅም በባትሪም የሚሰራ ሲሆን ወደተፈለገው ቦታ ይዞ ለመንቀሳቀስ ምቹ።

የመነሻዬ ድክድክ ማብራሪያ ከነ ዋጋ ለማወቅ ከታች ያለውን መስፈንጠሪያ ይጫኑ

****https://heyzine.com/flip-book/31505969db.html****

ይደውሉ ****0989939393**** ወይም ****0930323334**** ያሉበት እንደርሳለን

****http://tiktok.com/@meneshayeofficial****


አድራሻ፦ ጉርድ ሾላ ሆሊ ሲቲ ሴንተር ፤ ፒያሳ ካንትሪ ታወር ፤ ጀሞ ደሊና ሞል ፤ ገርጂ ከፋውንቴን ህንፃ ፊት ለፊት


🙏ውድ ደንበኛችን በስራችን ላይ ሀሳብ እና አስተያየት 
     ካለዎት ብቻ በዚህ ስልክ ደዉለዉ ያሳዉቁን። 
    ****0939091943****



#መነሻዬ#ገላግሌ ****#kids**** #education#gelagle_#መነሻዬ ድክድክ #meneshayekids#meneshayeshop 
#talkingflashcard#meneshayetablate#students ****#kidsoftiktok****  ****#kidsactivities**** ****#forkids****  ****#science**** ****#children**** ****#kids**** ****#knowledge**** # ****#kidsactivities**** ****#kidsoftiktok**** #kidsonlineshopping#learn  #kidsonlinemarketing#baby#kidspad**"
@meneshayeofficial,926,2025-02-03 15:15:25+00:00,"`የሂሳብ ሊቅ መነሻ ጥቅል!!

እንዲህ መጨነቅ ድሮ ቀረ!!
`
👉**ቁጥር ከመለየት ጀምሮ መደመር፣መቀነስ፣ማካፈል፣ማባዛት እና ሌሎች መሰረታዊክህሎቶችን በተግባር የሚለማመዱበት ጥቅል

👉የሂሳብ ሊቅ መነሻ ማብራሪያ ከነዋጋ  ለማወቅ ከታች ያለውን ማስፈንጠሪያ ይጫኑ

****https://heyzine.com/flip-book/c8f6379c5d.html****

👉ይደውሉ ****0989939393**** ወይም ****0930323334**** ያሉበት እንደርሳለን

👉****http://tiktok.com/@meneshayeofficial****


👉አድራሻ፦ ጉርድ ሾላ ሆሊ ሲቲ ሴንተር ፤ ፒያሳ ካንትሪ ታወር ፤ ጀሞ ደሊና ሞል ፤ ገርጂ ከፋውንቴን ህንፃ ፊት ለፊት

🙏ውድ ደንበኛችን በስራችን ላይ ሀሳብ እና አስተያየት 
     ካለዎት ብቻ በዚህ ስልክ ደዉለዉ ያሳዉቁን። 
    ****0939091943****

****#መነሻዬ**** ****#kids**** #education#yekelememenesha#የቀለሜመነሻ #meneshayekids#meneshayeshop 
 ****#learning**** ****#school**** ****#students**** ****#kidsoftiktok****  ****#student****  ****#forkids****  #mathematics#children ****#kids**** ****#knowledge**** # ****#kidsactivities**** #onlineshopping#learn  #onlinemarketing#**baby#kidsgame"
@meneshayeofficial,925,2025-02-02 09:24:14+00:00,"`እንዲህ መጨነቅ ድሮ ቀረ!!
`
`የቀለሜ መነሻ ጥቅል

👉ከእርሳስ አያያዝ ጀምሮ አማርኛና እንግሊዘኛ በቀላሉ ማንበብና መፃፍ የሚያስችል ጥቅል የቀለሜ መነሻ ጥቅል
ልጆች እየወደዱ የሚማሩበት ፤ ሳይሰላቹ የሚያጠኑበት!!
👉 ውስጡ በሚገኙት 68 መማሪያዎች
👉 ልጆች ከእርሳስ አያያዝ ጀምሮ መፃፍ ፣ ማንበብ፣ መስማትና መናገርን በቀላሉ የሚያስችል 
👉 የአማርኛ እና እንግሊዘኛ ፊደላትን ፣ ቁጥሮች ፣ ቅርፆችንና ከለሮችን እንዲሁም ሌሎች በመጀመሪያ ትምርህርት ዘመን ማወቅ ያለባቸውን ሁሉ የሚያውቁበት
👉 የሰአት አቆጣጠርን የሚማሩበት
👉 የስዕል ችሎታቸውን የሚያዳብሩበት
👉 ባለ ድምፅ መማሪያ መነሻዬ ፓድ
👉 11 እየፃፉና እያጠፉ የሚለማመዱባቸው መፃህፍት
👉 ኤሌክትሮኒክ ሰሌዳና 2በ1 ሰሌዳ
👉 የሰዓት መማሪያ ቦርድ
👉 ከ20 በላይ ማርከሮችና ጠመኔዎችን ያካተተ
👉 በዶ/ር ኢዮብ ማሞ ተዘጋጅቱ ለወላጆች ከመነሻዬ ከተበረከተ ስጦታ ጋር

ዋጋ 12000

``☎️ይደውሉ `0989939393** ወይም **0930323334** ያሉበት እንደርሳለን

**http://tiktok.com/@meneshayeofficial**


አድራሻ፦ ጉርድ ሾላ ሆሊ ሲቲ ሴንተር ፤ ፒያሳ ካንትሪ ታወር ፤ ጀሞ ደሊና ሞል ፤ ገርጂ ከፋውንቴን ህንፃ ፊት ለፊት

🙏ውድ ደንበኛችን በስራችን ላይ ሀሳብ እና አስተያየት 
     ካለዎት ብቻ በዚህ ስልክ ደዉለዉ ያሳዉቁን። 
    **0939091943**

**#መነሻዬ** **#kids** **#education#yekelememenesha#የቀለሜመነሻ** **#meneshayekids#meneshayeshop** 
 **#learning** **#school** **#students** **#kidsoftiktok ** **#student**  **#forkids ** **#science** **#children** **#kids** **#knowledge** # **#kidsactivities** **#onlineshopping#learn**  **#onlinemarketing#baby"
@meneshayeofficial,924,2025-02-01 09:30:41+00:00,"**ከልጅ በላይ ምን አለ!?
አሁኑኑ የልጅዎን መነሻ ያደላድሉ!!

👉ከእርሳስ አያያዝ ጀምሮ አማርኛና እንግሊዘኛ በቀላሉ ማንበብና መፃፍ የሚያስችል ጥቅል የቀለሜ መነሻ ጥቅል

👉ልጆች እየተጫወቱ ቁጥሮች የሚለዩ  መደመር ፣ መቀነስ ፣ ማባዛት እና ማካፈል በቀላሉ በተግባር የሚማሩበት የሂሳብ ሊቅ መነሻ ጥቅል

👉የመጀመሪያ ደረጃ ባለድምፅ የልጆች መማሪያ
በአማርኛ እና በእንግሊዘኛ ቋንቋ የተዘጋጀ መነሻዬ ድክድክ


☎️ይደውሉ ****0989939393**** ወይም ****0930323334**** ያሉበት እንደርሳለን

****http://tiktok.com/@meneshayeofficial****


አድራሻ፦ ጉርድ ሾላ ሆሊ ሲቲ ሴንተር ፤ ፒያሳ ካንትሪ ታወር ፤ ጀሞ ደሊና ሞል ፤ ገርጂ ከፋውንቴን ህንፃ ፊት ለፊት

🙏ውድ ደንበኛችን በስራችን ላይ ሀሳብ እና አስተያየት 
     ካለዎት ብቻ በዚህ ስልክ ደዉለዉ ያሳዉቁን። 
    ****0939091943****

#meneshaye#መነሻዬ#gelagele_#parentssoftkids#gelagle#kidsactivities##kids#yeethiopialjoch#kidslearning#**kidstoys#baby"
@meneshayeofficial,923,2025-01-31 10:20:06+00:00,"**የሂሳብ ሊቅ መነሻ ጥቅል!!

ልጆች ሂሳብን ከጅምሩ ሊወዱትና ሊቀላቸው ግድ ነው።

     👉ስለሂሳብ ትምህርት ቤት የተማሩትን በተግባር ቤት ውስጥ የሚለማመዱበት
    👉 ልጆች እየተጫወቱ ቁጥሮች የሚለዩበት ፣  ቅደም ተከተላቸውን የሚያውቁበትና የሚያወዳድሩበት 
   👉  መደመር ፣ መቀነስ ፣ ማባዛት እና ማካፈል በቀላሉ በተግባር የሚማሩበት
    👉. ስለቁጥሮች ህግ እየተገነዘቡ መሰረታዊ የጂኦሜትሪ እውቀት የሚያገኙበት
    👉 ከ200 በላይ እንደ ማግኔቲክ ቦርድ ፣ የቁጥር ፍሬዎችና መፃፊያ ቦርድ የመሳሰሉ መማሪያ ምርቶችን የያዘ
    👉ከ 3 እስከ 10 ዓመት ላሉ ልጆች በዕድሜያቸው ልክ የሚጠቀሙበት 
    . 👉50 አስተማሪና አሳታፊ የሂሳብ ጨዋታዎችን ያካተተ
    👉. ግልፅና ለመተግበር ቀላል የሆነ የአጠቃቀም መመሪያ ያለው
   👉 ከመመሪያው በተጨማሪ የአጠቃቀም ቪዲዩ አፕሊኬሽን የተዘጋጀለት
    .👉 የጥቅሉን ምርቶች በአንድ ላይ ሰብስቦ የሚይዝ ማስቀመጫ ያለው **

ዋጋ 4000

`☎️ይደውሉ `0989939393** ወይም **0930323334** ያሉበት እንደርሳለን

**http://tiktok.com/@meneshayeofficial**


አድራሻ፦ ጉርድ ሾላ ሆሊ ሲቲ ሴንተር ፤ ፒያሳ ካንትሪ ታወር ፤ ጀሞ ደሊና ሞል ፤ ገርጂ ከፋውንቴን ህንፃ ፊት ለፊት

🙏ውድ ደንበኛችን በስራችን ላይ ሀሳብ እና አስተያየት 
     ካለዎት ብቻ በዚህ ስልክ ደዉለዉ ያሳዉቁን። 
    **0939091943**

**#መነሻዬ** **#kids** **#education** **#meneshaye**
**#meneshayetablate** **#learning** **#school** **#students** **#study** **#kidstoys** **#student** **#teacher** **#meneshayeofficial** **#kidsactivities** **#children** **#kids** # **#teaching** **#teachers** # **#learn** **#** **##baby"
@meneshayeofficial,922,2025-01-30 15:50:58+00:00,"ወድ የገላግሌ እና የመነሻዬ ደንበኞቻችን አዳዲስ ምርቶች ስናስገባ እና ዋጋውን በቀላሉ እንዲያገኙ ከዚህ በታች ባስቀመጥንልዎ ማስፈንጠሪያ ተጠቅመው  ድረ ገጻችን  ይቀላቀሉ።
ድረገፃችንን ይጎብኙ ፤ የወደዱትን ይምረጡ ፤ የመረጡትን ይሸምቱ!!

https://linktr.ee/gelalge

https://linktr.ee/meneshaye"
@meneshayeofficial,921,2025-01-30 09:03:34+00:00,"`የልጆዎ ትምህርት ጅማሮ ማማር መልስ ተገኝቷል!!

የቀለሜ መነሻ ጥቅል

👉ከእርሳስ አያያዝ ጀምሮ አማርኛና እንግሊዘኛ በቀላሉ ማንበብና መፃፍ የሚያስችል ጥቅል የቀለሜ መነሻ ጥቅል
ልጆች እየወደዱ የሚማሩበት ፤ ሳይሰላቹ የሚያጠኑበት!!
 👉 ውስጡ በሚገኙት 68 መማሪያዎች
👉 ልጆች ከእርሳስ አያያዝ ጀምሮ መፃፍ ፣ ማንበብ፣ መስማትና መናገርን በቀላሉ የሚያስችል 
👉 የአማርኛ እና እንግሊዘኛ ፊደላትን ፣ ቁጥሮች ፣ ቅርፆችንና ከለሮችን እንዲሁም ሌሎች በመጀመሪያ ትምርህርት ዘመን ማወቅ ያለባቸውን ሁሉ የሚያውቁበት
👉 የሰአት አቆጣጠርን የሚማሩበት
👉 የስዕል ችሎታቸውን የሚያዳብሩበት
👉 ባለ ድምፅ መማሪያ መነሻዬ ፓድ
👉 11 እየፃፉና እያጠፉ የሚለማመዱባቸው መፃህፍት
👉 ኤሌክትሮኒክ ሰሌዳና 2በ1 ሰሌዳ
👉 የሰዓት መማሪያ ቦርድ
👉 ከ20 በላይ ማርከሮችና ጠመኔዎችን ያካተተ
👉 በዶ/ር ኢዮብ ማሞ ተዘጋጅቱ ለወላጆች ከመነሻዬ ከተበረከተ ስጦታ ጋር



``☎️ይደውሉ `**0989939393**** ወይም ****0930323334**** ያሉበት እንደርሳለን

****http://tiktok.com/@meneshayeofficial****


አድራሻ፦ ጉርድ ሾላ ሆሊ ሲቲ ሴንተር ፤ ፒያሳ ካንትሪ ታወር ፤ ጀሞ ደሊና ሞል ፤ ገርጂ ከፋውንቴን ህንፃ ፊት ለፊት**"
@meneshayeofficial,920,2025-01-28 12:26:16+00:00,"👉**ተወዳጇ ሚስ ተወዳጁን የቀለሜ መነሻ ጥቅል ፣የሂሳብ ሊቅ ጥቅል እና መነሻዬ ድክድክ ለማስማሪያነት ተጠቅማለች!!


👉እርሶም ይህን ጥቅል ከመነሻዬ ይግዙ
    የልጆዎን  መነሻ ያቅልሉ

☎️ይደውሉ ****0989939393**** ወይም ****0930323334**** ያሉበት እንደርሳለን

****http://tiktok.com/@meneshayeofficial****


አድራሻ፦ ጉርድ ሾላ ሆሊ ሲቲ ሴንተር ፤ ፒያሳ ካንትሪ ታወር ፤ ጀሞ ደሊና ሞል ፤ ገርጂ ከፋውንቴን ህንፃ ፊት ለፊት

🙏ውድ ደንበኛችን በስራችን ላይ ሀሳብ እና አስተያየት 
     ካለዎት ብቻ በዚህ ስልክ ደዉለዉ ያሳዉቁን። 
    ****0939091943****

****#forkids**** ****#kidsoftiktok**** ****#baby**** #kidslearning#kidstoys#meneshaye**"
@meneshayeofficial,918,2025-01-16 08:37:07+00:00,"ተወዳጇ ሚስ ተወዳጁን የሂሳብ ሊቅ ጥቅልን ለማስማሪያነት ተጠቅማለች
ቁጥር በቀላሉ ከመለየት ጀምራለች
መደመር ፣ መቀነስ ፣ ማካፈል ፣ ማባዛት እያለማመደች
የተማሪዎቿን የሂሳብ መነሻ አቅልላለች
የነገ የሂሳብ ሊቅ እንደሚሆኑ እርግጠኛ ነች

እርሶም ይህን ጥቅል ከመነሻዬ ይግዙ
የልጆዎን የሂሳብ መነሻ ያቅልሉ

ይደውሉ 0989939393 ወይም 0930323334

http://tiktok.com/@meneshayeofficial


አድራሻ፦ ጉርድ ሾላ ሆሊ ሲቲ ሴንተር ፤ ፒያሳ ካንትሪ ታወር ፤ ጀሞ ደሊና ሞል ፤ ገርጂ ከፋውንቴን ህንፃ ፊት ለፊት"
@ethio_brand_collection,6116,2025-06-16 09:01:34+00:00,"Skechers archfit 
size 40,41,42,43
Price 3400 birr
📌አድራሻ-ሜክሲኮ ኮሜርስ ጀርባ መዚድ ፕላዛ የመጀመሪያ ደረጃ እንደወጡ 101 የቢሮ ቁጥር ያገኙናል or call 0920238243
                                    [EthioBrand](https://t.me/ethio_brand_collection) ✅"
@ethio_brand_collection,6115,2025-06-15 09:20:06+00:00,"‼️ እሁድ ሁሌም ክፍት ነን ‼️

NB 04 leather  
Size 39,40,41,42,43,44
Price 4500 birr
📌አድራሻ-ሜክሲኮ ኮሜርስ ጀርባ መዚድ ፕላዛ የመጀመሪያ ደረጃ እንደወጡ 101 የቢሮ ቁጥር ያገኙናል or call 0920238243
                                    [EthioBrand](https://t.me/ethio_brand_collection) ✅"
@ethio_brand_collection,6113,2025-06-14 09:04:17+00:00,"Nike Air Force Paisley 
Size 40,41,42,43,44
Price 3700 birr
📌አድራሻ-ሜክሲኮ ኮሜርስ ጀርባ መዚድ ፕላዛ የመጀመሪያ ደረጃ እንደወጡ 101 የቢሮ ቁጥር ያገኙናል or call 0920238243       
                                    [EthioBrand](https://t.me/ethio_brand_collection) ✅"
@ethio_brand_collection,6112,2025-06-14 06:40:06+00:00,"Skechers GY ULTRA
Size 40,41,42,43,44
Price 3400 birr
📌አድራሻ-ሜክሲኮ ኮሜርስ ጀርባ መዚድ ፕላዛ የመጀመሪያ ደረጃ እንደወጡ 101 የቢሮ ቁጥር ያገኙናል or call 0920238243       
                                    [EthioBrand](https://t.me/ethio_brand_collection) ✅"
@ethio_brand_collection,6111,2025-06-13 09:02:24+00:00,"Adidas Samba OG 
size 40,41,42,43
Price 3600 birr
📌አድራሻ-ሜክሲኮ ኮሜርስ ጀርባ መዚድ ፕላዛ የመጀመሪያ ደረጃ እንደወጡ 101 የቢሮ ቁጥር ያገኙናል or call 0920238243
                                    [EthioBrand](https://t.me/ethio_brand_collection) ✅"
@ethio_brand_collection,6110,2025-06-13 06:02:37+00:00,"Colombia vibram 
Size 40,41,42,43
Price 3700 birr
📌አድራሻ-ሜክሲኮ ኮሜርስ ጀርባ መዚድ ፕላዛ የመጀመሪያ ደረጃ እንደወጡ 101 የቢሮ ቁጥር ያገኙናል or call 0920238243
                                    [EthioBrand](https://t.me/ethio_brand_collection) ✅"
@ethio_brand_collection,6109,2025-06-12 06:28:12+00:00,"Skechers Delux Walker  
Size 40,41,42,43
Price 3800 birr
📌አድራሻ-ሜክሲኮ ኮሜርስ ጀርባ መዚድ ፕላዛ የመጀመሪያ ደረጃ እንደወጡ 101 የቢሮ ቁጥር ያገኙናል or call 0920238243
                                    [EthioBrand](https://t.me/ethio_brand_collection) ✅"
@ethio_brand_collection,6108,2025-06-11 09:02:01+00:00,"Alta buckle leather  
Size 39,40,41,42,43,44
Price 4500 birr
📌አድራሻ-ሜክሲኮ ኮሜርስ ጀርባ መዚድ ፕላዛ የመጀመሪያ ደረጃ እንደወጡ 101 የቢሮ ቁጥር ያገኙናል or call 0920238243
                                    [EthioBrand](https://t.me/ethio_brand_collection) ✅"
@ethio_brand_collection,6107,2025-06-11 06:01:27+00:00,"Skechers Ultra Lace  
Size 40,41,42,43,44
Price 3400 birr
📌አድራሻ-ሜክሲኮ ኮሜርስ ጀርባ መዚድ ፕላዛ የመጀመሪያ ደረጃ እንደወጡ 101 የቢሮ ቁጥር ያገኙናል or call 0920238243
                                    [EthioBrand](https://t.me/ethio_brand_collection) ✅"
@ethio_brand_collection,6106,2025-06-10 09:33:40+00:00,"Adidas bad bunny campus 
Size 40,41,42,43,44
Price 3800 birr
📌አድራሻ-ሜክሲኮ ኮሜርስ ጀርባ መዚድ ፕላዛ የመጀመሪያ ደረጃ እንደወጡ 101 የቢሮ ቁጥር ያገኙናል or call 0920238243
                                    [EthioBrand](https://t.me/ethio_brand_collection) ✅"
@ethio_brand_collection,6105,2025-06-10 06:04:53+00:00,"Waerta loafer leather
Size 39,40,41,42,43,44
Price 4500 birr
📌አድራሻ-ሜክሲኮ ኮሜርስ ጀርባ መዚድ ፕላዛ የመጀመሪያ ደረጃ እንደወጡ 101 የቢሮ ቁጥር ያገኙናል or call 0920238243
                                     [EthioBrand](https://t.me/ethio_brand_collection) ✅"
@ethio_brand_collection,6104,2025-06-09 09:03:57+00:00,"Air Jordan Stay Loyal 
Size 40,41,42,43,44
Price 3400 birr
📌አድራሻ-ሜክሲኮ ኮሜርስ ጀርባ መዚድ ፕላዛ የመጀመሪያ ደረጃ እንደወጡ 101 የቢሮ ቁጥር ያገኙናል or call 0920238243
                                    [EthioBrand](https://t.me/ethio_brand_collection) ✅"
@ethio_brand_collection,6103,2025-06-08 06:06:54+00:00,"‼️ እሁድ ሁሌም ክፍት ነን ‼️

Skechers Flex Groove  
size 40,41,42,43
Price 3800 birr
📌አድራሻ-ሜክሲኮ ኮሜርስ ጀርባ መዚድ ፕላዛ የመጀመሪያ ደረጃ እንደወጡ 101 የቢሮ ቁጥር ያገኙናል or call 0920238243
                                    [EthioBrand](https://t.me/ethio_brand_collection) ✅"
@ethio_brand_collection,6102,2025-06-07 09:31:50+00:00,"Colombia Hiking  
Size 40,41,42,43,44
Price 3900 birr
📌አድራሻ-ሜክሲኮ ኮሜርስ ጀርባ መዚድ ፕላዛ የመጀመሪያ ደረጃ እንደወጡ 101 የቢሮ ቁጥር ያገኙናል or call 0920238243
                                    [EthioBrand](https://t.me/ethio_brand_collection) ✅"
@ethio_brand_collection,6101,2025-06-07 06:11:25+00:00,"Nike Air Force the north face 
Size 40,41,42,43
Price 3700 birr
📌አድራሻ-ሜክሲኮ ኮሜርስ ጀርባ መዚድ ፕላዛ የመጀመሪያ ደረጃ እንደወጡ 101 የቢሮ ቁጥር ያገኙናል or call 0920238243
                                    [EthioBrand](https://t.me/ethio_brand_collection) ✅"
@ethio_brand_collection,6100,2025-06-06 09:10:20+00:00,"NB 04 leather  
Size 39,40,41,42,43,44
Price 4500 birr
📌አድራሻ-ሜክሲኮ ኮሜርስ ጀርባ መዚድ ፕላዛ የመጀመሪያ ደረጃ እንደወጡ 101 የቢሮ ቁጥር ያገኙናል or call 0920238243
                                    [EthioBrand](https://t.me/ethio_brand_collection) ✅"
@ethio_brand_collection,6099,2025-06-06 06:02:44+00:00,"Air Jordan 9  
Size 40,41,42,43,44
Price 3800 birr
📌አድራሻ-ሜክሲኮ ኮሜርስ ጀርባ መዚድ ፕላዛ የመጀመሪያ ደረጃ እንደወጡ 101 የቢሮ ቁጥር ያገኙናል or call 0920238243
                                    [EthioBrand](https://t.me/ethio_brand_collection) ✅"
@ethio_brand_collection,6098,2025-06-05 09:04:01+00:00,"🆕 New Stocks (አዲስ የገባ) 🆕

- እነዚህ እና የተለያዩ አዲስ ጫማዎችን በዛሬው እለት አስገብተናል፡፡ 
መተው ይጎብኙን፡፡

📌አድራሻ-ሜክሲኮ ኮሜርስ ጀርባ መዚድ ፕላዛ የመጀመሪያ ደረጃ እንደወጡ 101 የቢሮ ቁጥር ያገኙናል or call 0920238243
                                    [EthioBrand](https://t.me/ethio_brand_collection) ✅"
@ethio_brand_collection,6097,2025-06-05 06:05:10+00:00,"Alta buckle leather  
Size 39,40,41,42,43,44
Price 4500 birr
📌አድራሻ-ሜክሲኮ ኮሜርስ ጀርባ መዚድ ፕላዛ የመጀመሪያ ደረጃ እንደወጡ 101 የቢሮ ቁጥር ያገኙናል or call 0920238243
                                    [EthioBrand](https://t.me/ethio_brand_collection) ✅"
@ethio_brand_collection,6096,2025-06-04 09:01:26+00:00,"Skechers Delux Walker  
Size 40,41,42,43
Price 3800 birr
📌አድራሻ-ሜክሲኮ ኮሜርስ ጀርባ መዚድ ፕላዛ የመጀመሪያ ደረጃ እንደወጡ 101 የቢሮ ቁጥር ያገኙናል or call 0920238243
                                    [EthioBrand](https://t.me/ethio_brand_collection) ✅"
@ethio_brand_collection,6095,2025-06-01 07:30:06+00:00,"‼️ እሁድ ሁሌም ክፍት ነን ‼️

Adidas terrex Running 
size 40,41,42
Price 3600 birr
📌አድራሻ-ሜክሲኮ ኮሜርስ ጀርባ መዚድ ፕላዛ የመጀመሪያ ደረጃ እንደወጡ 101 የቢሮ ቁጥር ያገኙናል or call 0920238243
                                    [EthioBrand](https://t.me/ethio_brand_collection) ✅"
@ethio_brand_collection,6094,2025-05-31 09:02:18+00:00,"Converse all star leather high 
Size 40,41,42,43
Price 3200 birr
📌አድራሻ-ሜክሲኮ ኮሜርስ ጀርባ መዚድ ፕላዛ የመጀመሪያ ደረጃ እንደወጡ 101 የቢሮ ቁጥር ያገኙናል or call 0920238243
                                    [EthioBrand](https://t.me/ethio_brand_collection) ✅"
@ethio_brand_collection,6093,2025-05-30 09:28:58+00:00,"Nike LeBron Witness  
size 40,41,42,43
Price 3500 birr
📌አድራሻ-ሜክሲኮ ኮሜርስ ጀርባ መዚድ ፕላዛ የመጀመሪያ ደረጃ እንደወጡ 101 የቢሮ ቁጥር ያገኙናል or call 0920238243
                                    [EthioBrand](https://t.me/ethio_brand_collection) ✅"
@ethio_brand_collection,6092,2025-05-29 09:03:27+00:00,"Adidas cloud foam new 
Size 40,41,42,43
Price 3600 birr
📌አድራሻ-ሜክሲኮ ኮሜርስ ጀርባ መዚድ ፕላዛ የመጀመሪያ ደረጃ እንደወጡ 101 የቢሮ ቁጥር ያገኙናል or call 0920238243
                                    [EthioBrand](https://t.me/ethio_brand_collection) ✅"
@ethio_brand_collection,6091,2025-05-29 06:06:14+00:00,"Colombia Montrial
size 40,43
Price 3700 birr
📌አድራሻ-ሜክሲኮ ኮሜርስ ጀርባ መዚድ ፕላዛ የመጀመሪያ ደረጃ እንደወጡ 101 የቢሮ ቁጥር ያገኙናል or call 0920238243
                                    [EthioBrand](https://t.me/ethio_brand_collection) ✅"
@ethio_brand_collection,6090,2025-05-28 09:05:44+00:00,"Skechers Out door taupe 
Size 40,41,42,43
Price 3500 birr
📌አድራሻ-ሜክሲኮ ኮሜርስ ጀርባ መዚድ ፕላዛ የመጀመሪያ ደረጃ እንደወጡ 101 የቢሮ ቁጥር ያገኙናል or call 0920238243
                                    [EthioBrand](https://t.me/ethio_brand_collection) ✅"
@ethio_brand_collection,6089,2025-05-25 10:35:06+00:00,"‼️ እሁድ ሁሌም ክፍት ነን ‼️

Nike infinity flow 
size 40,41,42,43,44
Price 3500 birr
📌አድራሻ-ሜክሲኮ ኮሜርስ ጀርባ መዚድ ፕላዛ የመጀመሪያ ደረጃ እንደወጡ 101 የቢሮ ቁጥር ያገኙናል or call 0920238243
                                    [EthioBrand](https://t.me/ethio_brand_collection) ✅"
@ethio_brand_collection,6088,2025-05-24 06:03:15+00:00,"Piclse loafers leather
Size 39,40,41,42,43,44
Price 4200 birr
📌አድራሻ-ሜክሲኮ ኮሜርስ ጀርባ መዚድ ፕላዛ የመጀመሪያ ደረጃ እንደወጡ 101 የቢሮ ቁጥር ያገኙናል or call 0920238243
                                    [EthioBrand](https://t.me/ethio_brand_collection) ✅"
@ethio_brand_collection,6087,2025-05-22 09:00:06+00:00,"Skechers Quantum flex 
size 40,41,42,43
Price 3500 birr
📌አድራሻ-ሜክሲኮ ኮሜርስ ጀርባ መዚድ ፕላዛ የመጀመሪያ ደረጃ እንደወጡ 101 የቢሮ ቁጥር ያገኙናል or call 0920238243
                                    [EthioBrand](https://t.me/ethio_brand_collection) ✅"
@ethio_brand_collection,6086,2025-05-22 06:03:31+00:00,"Nike LeBron Witness  
size 40,41,42,43
Price 3500 birr
📌አድራሻ-ሜክሲኮ ኮሜርስ ጀርባ መዚድ ፕላዛ የመጀመሪያ ደረጃ እንደወጡ 101 የቢሮ ቁጥር ያገኙናል or call 0920238243
                                    [EthioBrand](https://t.me/ethio_brand_collection) ✅"
@ethio_brand_collection,6085,2025-05-21 06:00:06+00:00,"Under Armour Maven Trek  
size 40,41,42,43
Price 4000 birr
📌አድራሻ-ሜክሲኮ ኮሜርስ ጀርባ መዚድ ፕላዛ የመጀመሪያ ደረጃ እንደወጡ 101 የቢሮ ቁጥር ያገኙናል or call 0920238243
                                    [EthioBrand](https://t.me/ethio_brand_collection) ✅"
@ethio_brand_collection,6084,2025-05-20 06:03:23+00:00,"Piclse loafers leather
Size 39,40,41,42,43,44
Price 4200 birr
📌አድራሻ-ሜክሲኮ ኮሜርስ ጀርባ መዚድ ፕላዛ የመጀመሪያ ደረጃ እንደወጡ 101 የቢሮ ቁጥር ያገኙናል or call 0920238243
                                    [EthioBrand](https://t.me/ethio_brand_collection) ✅"
@ethio_brand_collection,6083,2025-05-19 06:00:06+00:00,"Skechers Out door taupe 
Size 40,41,42,43
Price 3500 birr
📌አድራሻ-ሜክሲኮ ኮሜርስ ጀርባ መዚድ ፕላዛ የመጀመሪያ ደረጃ እንደወጡ 101 የቢሮ ቁጥር ያገኙናል or call 0920238243
                                    [EthioBrand](https://t.me/ethio_brand_collection) ✅"
@ethio_brand_collection,6082,2025-05-17 09:01:45+00:00,"Nike infinity flow 
size 40,41,42,43,44
Price 3500 birr
📌አድራሻ-ሜክሲኮ ኮሜርስ ጀርባ መዚድ ፕላዛ የመጀመሪያ ደረጃ እንደወጡ 101 የቢሮ ቁጥር ያገኙናል or call 0920238243
                                    [EthioBrand](https://t.me/ethio_brand_collection) ✅"
@ethio_brand_collection,6081,2025-05-17 05:44:59+00:00,"Skechers Quantum flex 
size 40,41,42,43
Price 3500 birr
📌አድራሻ-ሜክሲኮ ኮሜርስ ጀርባ መዚድ ፕላዛ የመጀመሪያ ደረጃ እንደወጡ 101 የቢሮ ቁጥር ያገኙናል or call 0920238243
                                    [EthioBrand](https://t.me/ethio_brand_collection) ✅"
@ethio_brand_collection,6080,2025-05-15 09:19:33+00:00,"Colombia Montrial
size 40,41,42,43
Price 3700 birr
📌አድራሻ-ሜክሲኮ ኮሜርስ ጀርባ መዚድ ፕላዛ የመጀመሪያ ደረጃ እንደወጡ 101 የቢሮ ቁጥር ያገኙናል or call 0920238243
                                    [EthioBrand](https://t.me/ethio_brand_collection) ✅"
@ethio_brand_collection,6079,2025-05-14 06:20:25+00:00,"Nike i free run
Size 40,41,42,43
Price 3500 birr
🏢አድራሻ-ሜክሲኮ ኮሜርስ ጀርባ መዚድ ፕላዛ የመጀመሪያ ደረጃ እንደወጡ 101 የቢሮ ቁጥር ያገኙናል or call 0920238243"
@ethio_brand_collection,6078,2025-05-12 06:00:06+00:00,"Puma beige SD
Size 40,41,42,43
Price 3700 birr
📌አድራሻ-ሜክሲኮ ኮሜርስ ጀርባ መዚድ ፕላዛ የመጀመሪያ ደረጃ እንደወጡ 101 የቢሮ ቁጥር ያገኙናል or call 0920238243
                                    [EthioBrand](https://t.me/ethio_brand_collection) ✅"
@ethio_brand_collection,6077,2025-05-10 11:13:27+00:00,"Adidas cloud foam new 
Size 40,41,42,43,44
Price 3600 birr
📌አድራሻ-ሜክሲኮ ኮሜርስ ጀርባ መዚድ ፕላዛ የመጀመሪያ ደረጃ እንደወጡ 101 የቢሮ ቁጥር ያገኙናል or call 0920238243
                                    [EthioBrand](https://t.me/ethio_brand_collection) ✅"
@ethio_brand_collection,6076,2025-05-10 06:03:06+00:00,"Manladuo suede Chelsea boots  
size 40,41,42,43
Price 5400 birr
📌አድራሻ-ሜክሲኮ ኮሜርስ ጀርባ መዚድ ፕላዛ የመጀመሪያ ደረጃ እንደወጡ 101 የቢሮ ቁጥር ያገኙናል or call 0920238243
                                    [EthioBrand](https://t.me/ethio_brand_collection) ✅"
@ethio_brand_collection,6075,2025-05-09 09:03:39+00:00,"Adidas terrex Running 
size 40,41,42,43
Price 3600 birr
📌አድራሻ-ሜክሲኮ ኮሜርስ ጀርባ መዚድ ፕላዛ የመጀመሪያ ደረጃ እንደወጡ 101 የቢሮ ቁጥር ያገኙናል or call 0920238243
                                    [EthioBrand](https://t.me/ethio_brand_collection) ✅"
@ethio_brand_collection,6074,2025-05-07 09:04:30+00:00,"Pristine loafer leather  
size 39,40,41,42,43,44
Price 4800 birr
📌አድራሻ-ሜክሲኮ ኮሜርስ ጀርባ መዚድ ፕላዛ የመጀመሪያ ደረጃ እንደወጡ 101 የቢሮ ቁጥር ያገኙናል or call 0920238243
                                    [EthioBrand](https://t.me/ethio_brand_collection) ✅"
@ethio_brand_collection,6073,2025-05-06 08:58:41+00:00,"Nike LeBron Witness  
size 40,41,42,43,44
Price 3500 birr
📌አድራሻ-ሜክሲኮ ኮሜርስ ጀርባ መዚድ ፕላዛ የመጀመሪያ ደረጃ እንደወጡ 101 የቢሮ ቁጥር ያገኙናል or call 0920238243
                                    [EthioBrand](https://t.me/ethio_brand_collection) ✅"
@ethio_brand_collection,6072,2025-05-06 06:04:47+00:00,"Colombia Montrial
size 40,41,42,43
Price 3700 birr
📌አድራሻ-ሜክሲኮ ኮሜርስ ጀርባ መዚድ ፕላዛ የመጀመሪያ ደረጃ እንደወጡ 101 የቢሮ ቁጥር ያገኙናል or call 0920238243
                                    [EthioBrand](https://t.me/ethio_brand_collection) ✅"
@ethio_brand_collection,6071,2025-05-05 06:29:59+00:00,"Under Armour Maven Trek  
size 40,41,42,43,44,45
Price 4000 birr
📌አድራሻ-ሜክሲኮ ኮሜርስ ጀርባ መዚድ ፕላዛ የመጀመሪያ ደረጃ እንደወጡ 101 የቢሮ ቁጥር ያገኙናል or call 0920238243
                                    [EthioBrand](https://t.me/ethio_brand_collection) ✅"
@ethio_brand_collection,6070,2025-05-03 09:05:06+00:00,"NB pure leather comfort
Size 39,40,41,42,43,44
Price 4200 birr
📌አድራሻ-ሜክሲኮ ኮሜርስ ጀርባ መዚድ ፕላዛ የመጀመሪያ ደረጃ እንደወጡ 101 የቢሮ ቁጥር ያገኙናል or call 0920238243
                                     [EthioBrand](https://t.me/ethio_brand_collection) ✅"
@ethio_brand_collection,6069,2025-05-03 06:02:11+00:00,"Reebok Winterized
Size 40,41,42,43,44
Price 3600 birr
📌አድራሻ-ሜክሲኮ ኮሜርስ ጀርባ መዚድ ፕላዛ የመጀመሪያ ደረጃ እንደወጡ 101 የቢሮ ቁጥር ያገኙናል or call 0920238243
                                    [EthioBrand](https://t.me/ethio_brand_collection) ✅"
@ethio_brand_collection,6068,2025-05-02 06:08:52+00:00,"Adidas cloud foam new 
Size 40,41,42,43,44
Price 3600 birr
📌አድራሻ-ሜክሲኮ ኮሜርስ ጀርባ መዚድ ፕላዛ የመጀመሪያ ደረጃ እንደወጡ 101 የቢሮ ቁጥር ያገኙናል or call 0920238243
                                    [EthioBrand](https://t.me/ethio_brand_collection) ✅"
@ethio_brand_collection,6067,2025-05-01 09:18:06+00:00,"Puma beige SD
Size 40,41,42,43
Price 3700 birr
📌አድራሻ-ሜክሲኮ ኮሜርስ ጀርባ መዚድ ፕላዛ የመጀመሪያ ደረጃ እንደወጡ 101 የቢሮ ቁጥር ያገኙናል or call 0920238243
                                    [EthioBrand](https://t.me/ethio_brand_collection) ✅"
@ethio_brand_collection,6066,2025-05-01 06:02:35+00:00,"Nike LeBron Witness  
size 40,41,42,43,44
Price 3500 birr
📌አድራሻ-ሜክሲኮ ኮሜርስ ጀርባ መዚድ ፕላዛ የመጀመሪያ ደረጃ እንደወጡ 101 የቢሮ ቁጥር ያገኙናል or call 0920238243
                                    [EthioBrand](https://t.me/ethio_brand_collection) ✅"
@ethio_brand_collection,6065,2025-04-29 06:01:29+00:00,"Nike Zoom Vomero
size 40,41,42,43,44
Price 3500 birr
📌አድራሻ-ሜክሲኮ ኮሜርስ ጀርባ መዚድ ፕላዛ የመጀመሪያ ደረጃ እንደወጡ 101 የቢሮ ቁጥር ያገኙናል or call 0920238243
                                    [EthioBrand](https://t.me/ethio_brand_collection) ✅"
@ethio_brand_collection,6064,2025-04-28 06:04:18+00:00,"Nike zoom react 1.0 
size 40,41,42,43
Price 3500 birr
📌አድራሻ-ሜክሲኮ ኮሜርስ ጀርባ መዚድ ፕላዛ የመጀመሪያ ደረጃ እንደወጡ 101 የቢሮ ቁጥር ያገኙናል or call 0920238243
                                    [EthioBrand](https://t.me/ethio_brand_collection) ✅"
@ethio_brand_collection,6063,2025-04-26 09:16:53+00:00,"Under Armour Maven Trek  
size 40,41,42,43,44
Price 4000 birr
📌አድራሻ-ሜክሲኮ ኮሜርስ ጀርባ መዚድ ፕላዛ የመጀመሪያ ደረጃ እንደወጡ 101 የቢሮ ቁጥር ያገኙናል or call 0920238243
                                    [EthioBrand](https://t.me/ethio_brand_collection) ✅"
@ethio_brand_collection,6062,2025-04-26 06:12:18+00:00,"NB pure leather comfort 
Size 39,40,41,42,43,44
Price 4200 birr
📌አድራሻ-ሜክሲኮ ኮሜርስ ጀርባ መዚድ ፕላዛ የመጀመሪያ ደረጃ እንደወጡ 101 የቢሮ ቁጥር ያገኙናል or call 0920238243
                                    [EthioBrand](https://t.me/ethio_brand_collection) ✅"
@ethio_brand_collection,6061,2025-04-25 06:02:43+00:00,"Pristine loafer leather  
size 39,40,41,42,43,44
Price 4800 birr
📌አድራሻ-ሜክሲኮ ኮሜርስ ጀርባ መዚድ ፕላዛ የመጀመሪያ ደረጃ እንደወጡ 101 የቢሮ ቁጥር ያገኙናል or call 0920238243
                                    [EthioBrand](https://t.me/ethio_brand_collection) ✅"
@ethio_brand_collection,6060,2025-04-24 09:04:59+00:00,"Piclse loafers leather
Size 39,40,41,42,43,44
Price 4200 birr
📌አድራሻ-ሜክሲኮ ኮሜርስ ጀርባ መዚድ ፕላዛ የመጀመሪያ ደረጃ እንደወጡ 101 የቢሮ ቁጥር ያገኙናል or call 0920238243
                                    [EthioBrand](https://t.me/ethio_brand_collection) ✅"
@ethio_brand_collection,6059,2025-04-23 09:11:56+00:00,"Skechers Out door taupe 
Size 40,41,42,43
Price 3500 birr
📌አድራሻ-ሜክሲኮ ኮሜርስ ጀርባ መዚድ ፕላዛ የመጀመሪያ ደረጃ እንደወጡ 101 የቢሮ ቁጥር ያገኙናል or call 0920238243
                                    [EthioBrand](https://t.me/ethio_brand_collection) ✅"
@ethio_brand_collection,6058,2025-04-22 06:05:57+00:00,"Under Armour Maven Trek  
size 40,41,42,43,44
Price 4000 birr
📌አድራሻ-ሜክሲኮ ኮሜርስ ጀርባ መዚድ ፕላዛ የመጀመሪያ ደረጃ እንደወጡ 101 የቢሮ ቁጥር ያገኙናል or call 0920238243
                                    [EthioBrand](https://t.me/ethio_brand_collection) ✅"
@ethio_brand_collection,6057,2025-04-21 09:01:54+00:00,"Colombia Montrial
size 40,41,42,43
Price 3700 birr
📌አድራሻ-ሜክሲኮ ኮሜርስ ጀርባ መዚድ ፕላዛ የመጀመሪያ ደረጃ እንደወጡ 101 የቢሮ ቁጥር ያገኙናል or call 0920238243
                                    [EthioBrand](https://t.me/ethio_brand_collection) ✅"
@ethio_brand_collection,6056,2025-04-21 06:04:51+00:00,"Women skechers Gorun arch 
size 36,37,38
Price 3100 birr
📌አድራሻ-ሜክሲኮ ኮሜርስ ጀርባ መዚድ ፕላዛ የመጀመሪያ ደረጃ እንደወጡ 101 የቢሮ ቁጥር ያገኙናል or call 0920238243
                                    [EthioBrand](https://t.me/ethio_brand_collection) ✅"
@ethio_brand_collection,6055,2025-04-19 13:01:13+00:00,"Reebok classic 
size 40,41,42,43
Price 3200 birr
📌አድራሻ-ሜክሲኮ ኮሜርስ ጀርባ መዚድ ፕላዛ የመጀመሪያ ደረጃ እንደወጡ 101 የቢሮ ቁጥር ያገኙናል or call 0920238243
                                    [EthioBrand](https://t.me/ethio_brand_collection) ✅"
@ethio_brand_collection,6054,2025-04-19 09:00:06+00:00,"Skechers AF 02
size 40,41,42,43
Price 3300  birr
📌አድራሻ-ሜክሲኮ ኮሜርስ ጀርባ መዚድ ፕላዛ የመጀመሪያ ደረጃ እንደወጡ 101 የቢሮ ቁጥር ያገኙናል or call 0920238243
                                    [EthioBrand](https://t.me/ethio_brand_collection) ✅"
@ethio_brand_collection,6053,2025-04-19 06:02:45+00:00,"Manladuo suede Chelsea boots  
size 39,40,41,42,43,44
Price 5400 birr
📌አድራሻ-ሜክሲኮ ኮሜርስ ጀርባ መዚድ ፕላዛ የመጀመሪያ ደረጃ እንደወጡ 101 የቢሮ ቁጥር ያገኙናል or call 0920238243
                                    [EthioBrand](https://t.me/ethio_brand_collection) ✅"
@ethio_brand_collection,6052,2025-04-18 09:20:29+00:00,"Nike Flywire 
size 40,41,42,43
Price 3700 birr
📌አድራሻ-ሜክሲኮ ኮሜርስ ጀርባ መዚድ ፕላዛ የመጀመሪያ ደረጃ እንደወጡ 101 የቢሮ ቁጥር ያገኙናል or call 0920238243
                                    [EthioBrand](https://t.me/ethio_brand_collection) ✅"
@ethio_brand_collection,6051,2025-04-18 06:02:57+00:00,"Morazora casual leather 
size 39,40,41,42,43,44
Price 4200 birr
📌አድራሻ-ሜክሲኮ ኮሜርስ ጀርባ መዚድ ፕላዛ የመጀመሪያ ደረጃ እንደወጡ 101 የቢሮ ቁጥር ያገኙናል or call 0920238243
                                    [EthioBrand](https://t.me/ethio_brand_collection) ✅"
@ethio_brand_collection,6050,2025-04-17 09:01:53+00:00,"Columbia Trailstorm
size 40,41,42,43,44
Price 3800 birr
📌አድራሻ-ሜክሲኮ ኮሜርስ ጀርባ መዚድ ፕላዛ የመጀመሪያ ደረጃ እንደወጡ 101 የቢሮ ቁጥር ያገኙናል or call 0920238243
                                    [EthioBrand](https://t.me/ethio_brand_collection) ✅"
@ethio_brand_collection,6049,2025-04-17 06:03:57+00:00,"Under Armour Maven Trek  
size 40,41,42,43,44
Price 4000 birr
📌አድራሻ-ሜክሲኮ ኮሜርስ ጀርባ መዚድ ፕላዛ የመጀመሪያ ደረጃ እንደወጡ 101 የቢሮ ቁጥር ያገኙናል or call 0920238243
                                    [EthioBrand](https://t.me/ethio_brand_collection) ✅"
@ethio_brand_collection,6048,2025-04-16 09:02:46+00:00,"Adidas Samba Double sole   
size 40,41,42,43,44
Price 3800 birr
📌አድራሻ-ሜክሲኮ ኮሜርስ ጀርባ መዚድ ፕላዛ የመጀመሪያ ደረጃ እንደወጡ 101 የቢሮ ቁጥር ያገኙናል or call 0920238243
                                    [EthioBrand](https://t.me/ethio_brand_collection) ✅"
@ethio_brand_collection,6047,2025-04-16 06:01:11+00:00,"Manladuo suede Chelsea boots  
size 39,40,41,42,43,44
Price 5400 birr
📌አድራሻ-ሜክሲኮ ኮሜርስ ጀርባ መዚድ ፕላዛ የመጀመሪያ ደረጃ እንደወጡ 101 የቢሮ ቁጥር ያገኙናል or call 0920238243
                                    [EthioBrand](https://t.me/ethio_brand_collection) ✅"
@ethio_brand_collection,6046,2025-04-15 09:04:17+00:00,"Adidas D-Rose chi 2 
size 40,41,42,43,44
Price 3900 birr
📌አድራሻ-ሜክሲኮ ኮሜርስ ጀርባ መዚድ ፕላዛ የመጀመሪያ ደረጃ እንደወጡ 101 የቢሮ ቁጥር ያገኙናል or call 0920238243
                                    [EthioBrand](https://t.me/ethio_brand_collection) ✅"
@ethio_brand_collection,6045,2025-04-14 09:01:07+00:00,"Adidas Terrex Gore-Tex  
size 40,42,43,44,45
Price 3600 birr
📌አድራሻ-ሜክሲኮ ኮሜርስ ጀርባ መዚድ ፕላዛ የመጀመሪያ ደረጃ እንደወጡ 101 የቢሮ ቁጥር ያገኙናል or call 0920238243
                                    [EthioBrand](https://t.me/ethio_brand_collection) ✅"
@ethio_brand_collection,6044,2025-04-14 06:04:33+00:00,"Morazora casual leather 
size 39,40,41,42,43,44
Price 4200 birr
📌አድራሻ-ሜክሲኮ ኮሜርስ ጀርባ መዚድ ፕላዛ የመጀመሪያ ደረጃ እንደወጡ 101 የቢሮ ቁጥር ያገኙናል or call 0920238243
                                    [EthioBrand](https://t.me/ethio_brand_collection) ✅"
@ethio_brand_collection,6043,2025-04-13 06:03:17+00:00,"‼️ እሁድ ሁሌም ክፍት ነን ‼️

Nike Zoom Vomero
size 40,41,42,43,44
Price 3500 birr
📌አድራሻ-ሜክሲኮ ኮሜርስ ጀርባ መዚድ ፕላዛ የመጀመሪያ ደረጃ እንደወጡ 101 የቢሮ ቁጥር ያገኙናል or call 0920238243
                                    [EthioBrand](https://t.me/ethio_brand_collection) ✅"
@ethio_brand_collection,6042,2025-04-12 12:05:03+00:00,"Manladuo suede Chelsea boots  
size 39,40,41,42,43,44
Price 5400 birr
📌አድራሻ-ሜክሲኮ ኮሜርስ ጀርባ መዚድ ፕላዛ የመጀመሪያ ደረጃ እንደወጡ 101 የቢሮ ቁጥር ያገኙናል or call 0920238243
                                    [EthioBrand](https://t.me/ethio_brand_collection) ✅"
@ethio_brand_collection,6041,2025-04-12 09:02:13+00:00,"Nike quest 4
Size 39,40,41,43
Price 3500 birr
📌አድራሻ-ሜክሲኮ ኮሜርስ ጀርባ መዚድ ፕላዛ የመጀመሪያ ደረጃ እንደወጡ 101 የቢሮ ቁጥር ያገኙናል or call 0920238243
                                    [EthioBrand](https://t.me/ethio_brand_collection) ✅"
@ethio_brand_collection,6040,2025-04-12 06:03:00+00:00,"Pristine 2 loafer leather  
size 40,41,42,43,44
Price 4800 birr
📌አድራሻ-ሜክሲኮ ኮሜርስ ጀርባ መዚድ ፕላዛ የመጀመሪያ ደረጃ እንደወጡ 101 የቢሮ ቁጥር ያገኙናል or call 0920238243
                                    [EthioBrand](https://t.me/ethio_brand_collection) ✅"
@ethio_brand_collection,6039,2025-04-11 09:03:22+00:00,"Driving banquet leather shoes 
size 39,40,41,42,43,44
Price 4200 birr
📌አድራሻ-ሜክሲኮ ኮሜርስ ጀርባ መዚድ ፕላዛ የመጀመሪያ ደረጃ እንደወጡ 101 የቢሮ ቁጥር ያገኙናል or call 0920238243
                                    [EthioBrand](https://t.me/ethio_brand_collection) ✅"
@ethio_brand_collection,6038,2025-04-11 06:00:22+00:00,"Adidas Samba OG 
size 40,41,42,43
Price 3600 birr
📌አድራሻ-ሜክሲኮ ኮሜርስ ጀርባ መዚድ ፕላዛ የመጀመሪያ ደረጃ እንደወጡ 101 የቢሮ ቁጥር ያገኙናል or call 0920238243
                                    [EthioBrand](https://t.me/ethio_brand_collection) ✅"
@ethio_brand_collection,6037,2025-04-10 09:00:48+00:00,"Piclse loafers leather
Size 39,40,41,42,43
Price 4200 birr
📌አድራሻ-ሜክሲኮ ኮሜርስ ጀርባ መዚድ ፕላዛ የመጀመሪያ ደረጃ እንደወጡ 101 የቢሮ ቁጥር ያገኙናል or call 0920238243
                                    [EthioBrand](https://t.me/ethio_brand_collection) ✅"
@ethio_brand_collection,6036,2025-04-10 06:04:50+00:00,"Skechers MAX  
Size 40,41,42,43,44
Price 3800  birr
📌አድራሻ-ሜክሲኮ ኮሜርስ ጀርባ መዚድ ፕላዛ የመጀመሪያ ደረጃ እንደወጡ 101 የቢሮ ቁጥር ያገኙናል or call 0920238243
                                    [EthioBrand](https://t.me/ethio_brand_collection) ✅"
@ethio_brand_collection,6035,2025-04-09 09:02:48+00:00,"NB pure leather comfort 
Size 39,40,41,42,43,44
Price 4200 birr
📌አድራሻ-ሜክሲኮ ኮሜርስ ጀርባ መዚድ ፕላዛ የመጀመሪያ ደረጃ እንደወጡ 101 የቢሮ ቁጥር ያገኙናል or call 0920238243
                                    [EthioBrand](https://t.me/ethio_brand_collection) ✅"
@ethio_brand_collection,6034,2025-04-09 06:02:25+00:00,"Nike Zoom Vomero
size 40,41,42,43,44
Price 3500 birr
📌አድራሻ-ሜክሲኮ ኮሜርስ ጀርባ መዚድ ፕላዛ የመጀመሪያ ደረጃ እንደወጡ 101 የቢሮ ቁጥር ያገኙናል or call 0920238243
                                    [EthioBrand](https://t.me/ethio_brand_collection) ✅"
@ethio_brand_collection,6033,2025-04-08 09:03:47+00:00,"G-designer leather  
size 39,40,41,42,43,44
Price 4200 birr
📌አድራሻ-ሜክሲኮ ኮሜርስ ጀርባ መዚድ ፕላዛ የመጀመሪያ ደረጃ እንደወጡ 101 የቢሮ ቁጥር ያገኙናል or call 0920238243
                                    [EthioBrand](https://t.me/ethio_brand_collection) ✅"
@ethio_brand_collection,6032,2025-04-08 06:04:15+00:00,"Adidas Terrex Gore-Tex  
size 40,41,42,43,44,45
Price 3600 birr
📌አድራሻ-ሜክሲኮ ኮሜርስ ጀርባ መዚድ ፕላዛ የመጀመሪያ ደረጃ እንደወጡ 101 የቢሮ ቁጥር ያገኙናል or call 0920238243
                                    [EthioBrand](https://t.me/ethio_brand_collection) ✅"
@ethio_brand_collection,6031,2025-04-07 09:01:27+00:00,"Pristine 2 loafer leather  
size 39,40,41,42,43,44
Price 4800 birr
📌አድራሻ-ሜክሲኮ ኮሜርስ ጀርባ መዚድ ፕላዛ የመጀመሪያ ደረጃ እንደወጡ 101 የቢሮ ቁጥር ያገኙናል or call 0920238243
                                    [EthioBrand](https://t.me/ethio_brand_collection) ✅"
@ethio_brand_collection,6030,2025-04-06 06:00:23+00:00,"‼️ እሁድ ሁሌም ክፍት ነን ‼️

Air Jordan 6 
Size 40,41,42,43
Price 3500  birr
📌አድራሻ-ሜክሲኮ ኮሜርስ ጀርባ መዚድ ፕላዛ የመጀመሪያ ደረጃ እንደወጡ 101 የቢሮ ቁጥር ያገኙናል or call 0920238243
                                    [EthioBrand](https://t.me/ethio_brand_collection) ✅"
@ethio_brand_collection,6029,2025-04-05 09:03:58+00:00,"Columbia Trailstorm
size 40,41,42,43
Price 3800 birr
📌አድራሻ-ሜክሲኮ ኮሜርስ ጀርባ መዚድ ፕላዛ የመጀመሪያ ደረጃ እንደወጡ 101 የቢሮ ቁጥር ያገኙናል or call 0920238243
                                    [EthioBrand](https://t.me/ethio_brand_collection) ✅"
@ethio_brand_collection,6028,2025-04-05 06:02:17+00:00,"Driving banquet leather shoes 
size 39,40,41,42,43,44
Price 4200 birr
📌አድራሻ-ሜክሲኮ ኮሜርስ ጀርባ መዚድ ፕላዛ የመጀመሪያ ደረጃ እንደወጡ 101 የቢሮ ቁጥር ያገኙናል or call 0920238243
                                    [EthioBrand](https://t.me/ethio_brand_collection) ✅"
@ethio_brand_collection,6027,2025-04-04 09:04:15+00:00,"Nike zoom react 1.0 
size 40,41,42,43
Price 3500 birr
📌አድራሻ-ሜክሲኮ ኮሜርስ ጀርባ መዚድ ፕላዛ የመጀመሪያ ደረጃ እንደወጡ 101 የቢሮ ቁጥር ያገኙናል or call 0920238243
                                    [EthioBrand](https://t.me/ethio_brand_collection) ✅"
@ethio_brand_collection,6026,2025-04-03 09:00:06+00:00,"Adidas Samba OG 
size 40,41,42,43
Price 3600 birr
📌አድራሻ-ሜክሲኮ ኮሜርስ ጀርባ መዚድ ፕላዛ የመጀመሪያ ደረጃ እንደወጡ 101 የቢሮ ቁጥር ያገኙናል or call 0920238243
                                    [EthioBrand](https://t.me/ethio_brand_collection) ✅"
@ethio_brand_collection,6025,2025-03-31 09:30:23+00:00,"Nike infinity flow 
size 40,41,42,43,44
Price 3500 birr
📌አድራሻ-ሜክሲኮ ኮሜርስ ጀርባ መዚድ ፕላዛ የመጀመሪያ ደረጃ እንደወጡ 101 የቢሮ ቁጥር ያገኙናል or call 0920238243
                                    [EthioBrand](https://t.me/ethio_brand_collection) ✅"
@ethio_brand_collection,6024,2025-03-30 10:40:06+00:00,"‼️ እሁድ ሁሌም ክፍት ነን ‼️

All star leather high 
Size 40,41,42,43
Price 3200 birr
📌አድራሻ-ሜክሲኮ ኮሜርስ ጀርባ መዚድ ፕላዛ የመጀመሪያ ደረጃ እንደወጡ 101 የቢሮ ቁጥር ያገኙናል or call 0920238243
                                    [EthioBrand](https://t.me/ethio_brand_collection) ✅"
@ethio_brand_collection,6023,2025-03-29 09:15:01+00:00,"Adidas duramo speed 
Size 40,41,42,43
Price 3600 birr
📌አድራሻ-ሜክሲኮ ኮሜርስ ጀርባ መዚድ ፕላዛ የመጀመሪያ ደረጃ እንደወጡ 101 የቢሮ ቁጥር ያገኙናል or call 0920238243
                                    [EthioBrand](https://t.me/ethio_brand_collection) ✅"
@ethio_brand_collection,6022,2025-03-29 06:11:40+00:00,"White Sandals  
Size 40,42,43,44
Price 1900 birr
📌አድራሻ-ሜክሲኮ ኮሜርስ ጀርባ መዚድ ፕላዛ የመጀመሪያ ደረጃ እንደወጡ 101 የቢሮ ቁጥር ያገኙናል or call 0920238243
                                    [EthioBrand](https://t.me/ethio_brand_collection) ✅"
@ethio_brand_collection,6021,2025-03-28 09:00:48+00:00,"Wesdenk leather comfort 
Size 42,43,44
Price 4500 birr
📌አድራሻ-ሜክሲኮ ኮሜርስ ጀርባ መዚድ ፕላዛ የመጀመሪያ ደረጃ እንደወጡ 101 የቢሮ ቁጥር ያገኙናል or call 0920238243
                                    [EthioBrand](https://t.me/ethio_brand_collection) ✅"
@ethio_brand_collection,6020,2025-03-28 06:03:42+00:00,"Under armour Goretex
Size 40,41,43
Price 3500 birr
📌አድራሻ-ሜክሲኮ ኮሜርስ ጀርባ መዚድ ፕላዛ የመጀመሪያ ደረጃ እንደወጡ 101 የቢሮ ቁጥር ያገኙናል or call 0920238243
                                    [EthioBrand](https://t.me/ethio_brand_collection) ✅"
@ethio_brand_collection,6019,2025-03-27 12:03:26+00:00,"Nike infinity flow 
size 40,41,42,43,44
Price 3500 birr
📌አድራሻ-ሜክሲኮ ኮሜርስ ጀርባ መዚድ ፕላዛ የመጀመሪያ ደረጃ እንደወጡ 101 የቢሮ ቁጥር ያገኙናል or call 0920238243
                                    [EthioBrand](https://t.me/ethio_brand_collection) ✅"
@ethio_brand_collection,6018,2025-03-27 09:07:26+00:00,"Nike Just Do It
Size 39,40,41,42,43
Price 3400 birr
📌አድራሻ-ሜክሲኮ ኮሜርስ ጀርባ መዚድ ፕላዛ የመጀመሪያ ደረጃ እንደወጡ 101 የቢሮ ቁጥር ያገኙናል or call 0920238243
                                    [EthioBrand](https://t.me/ethio_brand_collection) ✅"
@ethio_brand_collection,6017,2025-03-26 09:02:26+00:00,"Adidas Spectur
Size 40,41,42,43
Price 3400 birr
📌አድራሻ-ሜክሲኮ ኮሜርስ ጀርባ መዚድ ፕላዛ የመጀመሪያ ደረጃ እንደወጡ 101 የቢሮ ቁጥር ያገኙናል or call 0920238243
                                    [EthioBrand](https://t.me/ethio_brand_collection) ✅"
@Leyueqa,7604,2025-06-20 10:47:45+00:00,"🎁🎁🎁Portable Electric Lunch Box

⏩የኤሌክትሪክ ማሞቂያ ያለው የምሳ እቃ ♨️
⏩ከዚህ በኋላ የያዝኩት ምግብ ይቀዘቅዝብኛል ብለው አይስጉ

⭐️በቢሮዎ ውስጥ
⭐️ለልጆች ትምህርት ቤት
⭐️በማንኛዉም ሰአት በማንኛዉም ጊዜ ንፁ እና ትኩስ ምግብ ይመገቡ
✨ለ ህፃናትም ሆነ ለአዋቂዎች ምቹ ተደርጎ የተዘጋጀ

🧼ለማጽዳት ቀላል

🔥Cooking_Lunch_Box
⚡️#Material: Stainless Steel+ Plastic
⚡️#Power: 40W
⚡️#Voltage: 220V
⚡️#Capicity: 1.05L (Rice Box 0.6L, Dish Box 0.45L)

#Package_Includes
1× Lunch Box
1× Home Adapter
1× Car Adapter

🔴Available_Color: Blue, Green, 
                                 Orange, Red

**💵****ዋጋ፦  1,550 ብር ቦርሳ የለዉም****😀**** ****💵**


#ክፍያዎን_ ዕቃዉ _እጅዎ ሲደርስ_ከፈለጉ_በካሽ_አልያም_በሞባይል_ባንኪንግ_መፈፀም_ይችላሉ በተጨማሪ #ከ_1000_ብር በላይ የሚተመኑ #ሁለት_ዕቃዎችን_ ሲገዙ ስጦታ እንልክለዎታለን 
🎁 T.me/Leyueqa 👈ቻናላችንን ለጓደኛዎ ሸር ማድረግዎን አይርሱ 
           
          
            0933334444 @LeMazez_z
            0944109295 @Lemaze_z
            0946242424 @Le_Mazez"
@Leyueqa,7603,2025-06-20 08:11:08+00:00,"🔥🔥**Saachi አንጀት አርስ ስቶቭ ባለ  2 ተች ስቶቭ **
🔄An environmentally friendly and safe plate based on a light wave
💯Light wave technology
💯Safe and high Quality, ⛔️does not emit smoke and flame
Suitable for this product: cooking,
🙂can be roasted and steamed
This appliance can perform a variety of functions, including a multi-function plate Has a heating function

🟢ግዜዎን እና ጉልበትዎን የሚቆጥብ ፈጣን ስቶቭ
**
 ****🟢****ባለ 2 price **9500  Delivery Free #ክፍያዎን_ ዕቃዉ _እጅዎ ሲደርስ_በሞባይል_ባንኪንግ_መፈፀም_ይችላሉበተጨማሪ #ሁለት ዕቃዎችን ከ_1000_ብር በላይ የሚተመኑ  2 ዕቃዎችን_አንዴ  ሲገዙ ስጦታ እንልክለዎታለን 
            0933334444 @LeMazez_z
            0944109295 @Lemaze_z
            0946242424 @Le_Mazez"
@Leyueqa,7602,2025-06-20 06:11:37+00:00,"👉👉👉Super Stretch Silicon Lids ( 6 pack )

🔰የዕቃ መሸፈኛ ሲሊከን ፕላስቲኮች በተደጋጋሚ የምንጠቀምባቸዉ በተለያዩ ሳይዞች የቀረቡ የሚለጠጥ የማይቀደድ 

Kitchen + Home Silicone Stretch Lids  
Set of 6 Silicone Food Saver Covers 

🔰 Superior Quality  
🔰 Lids that fit 
🔰 Reusable 
🔰 Temperature Resistant  
🔰 Food Safe

        ዋጋ👉 450ብር
  
 **       በተጨማሪ ****#ከ_1000_ብር**** በላይ የሆኑ
****#ሁለት_ዕቃዎች**** በአንድዲሊቨሪ ግዜ  ሲያዙ ስጦታ እንልክለዎታለን 
🎁 ****T.me/Leyueqa**** 👈ቻናላችንን ለጓደኛዎ ሸር ማድረግዎን አይርሱ 
            ****0933334444**** ****@LeMazez_z****
            ****0944109295**** ****@Lemaze_z****
            ****0946242424**** ****@Le_Mazez****                           **"
@Leyueqa,7601,2025-06-19 12:41:01+00:00,"🔝🔝🔝Saachi 3 in 1 ORIGINAL የጁስ+የቡና+የቅመም
➕1.6 litre high capacity plastic jar
➕2 speed control with pulse
➕Full safety switch
⚡️Powerful motor
⭐️Ultra sharp blade
✅Rotary switch for easy operate
🔻Plastic lined grinding mill

💵ዋጋ 2900  ከነፃ ዲሊቨሪ ጋር 💵

🔖**አድራሻ** 
🥇ቁጥር 1 ልደታ ወደ ባልቻ ሆስፒታል ገባ ብሎ  አህመድ ህንፃ ላይ 1ኛፎቅ 114B

**ባሉበት  ያለተጨማሪ ክፍያ ማዘዝ ይችላሉ **
0933334444 @LeMazez_z
0946242424 @Le_Mazez
0944109295 @Lemaze_z"
@Leyueqa,7595,2025-06-19 08:12:15+00:00,"🔝🔝🔝🔝Bamboo Trey
  3pc ✅
**Price✅ 3300 ከነፃ ዲሊቨሪ ጋር**
            0933334444 @LeMazez_z 
            0946242424 @Le_Mazez
            0944109295 @Lemaze_z
#ክፍያዎን_በሞባይል_ባንኪንግ_መፈፀምም_ይችላሉ በተጨማሪ #ከ_1000_ብር** በላይ** የሆኑ
#ሁለት_ዕቃዎች ሲገዙ ስጦታ እንልክለዎታለን 
🎁 T.me/Leyueqa 👈ቻናላችንን ለጓደኛዎ ሸር ማድረግዎን አይርሱ   "
@Leyueqa,7594,2025-06-19 05:45:13+00:00,"🛡🛡🛡ዉሃ ስርገትን ወደ ፍራሽ ዉስጥ እንዳይገባ እና አላስፈላጊ ሽታን እንዲሁም ድካምን የሚከላከል አንሶላ Mattress PROTECTOR POLYESTER MICROFIBER 

✔️ለ 1.50
✔️ለ 1.80

**ከነፃ ዲሊቨሪ ጋር** 3500 ብር 💵💵

  📌📌📌አድራሻ
⭕️ቁጥር 1 ልደታ ወደ ባልቻ ሆስፒታል ገባ ብሎ  አህመድ ህንፃ ላይ 1ኛፎቅ 114B

ባሉበት  ያለተጨማሪ ክፍያ ማዘዝ ይችላሉ 
0933334444 @LeMazez_z
0946242424 @Le_Mazez
0944109295 @Lemaze_z"
@Leyueqa,7593,2025-06-18 11:03:35+00:00,"💙💙💙💙💙💙💙 
Kitchen Oil proof Stickers
ለኪችንዎ ግርማሞገስ የሚያላብስ ኪችንዎን ፅድት የሚያደርግ 
⭐️ለመሳቢያ ፣ ለካቢኔ ፣ ለኩሽና ፣ ለስላሳ የእንጨት ገጽና ግድግዳ ላይ የሚለጠፍ  በራሱ የሚጣበቅ  ውሃ የማያሳልፍ (Waterproof) የሆነ

⭐️ስፋት 60cm×5meter ሜትር 
ዋጋ 1200  ብር  ሲያዙ ነፃ ዲሊቨሪ

⭐️ሙቀትንእና እርጥበትን የሚቋቋም ለማፅዳት ቀላል

   0933334444 @LeMazez_z
   0944109295 @Lemaze_z
   0946242424 @Le_Mazez
   🔺አድራሻ
⭕️ቁጥር 1 ልደታ ወደ ባልቻ ሆስፒታል ገባ ብሎ  አህመድ ህንፃ ላይ 1ኛፎቅ 114B"
@Leyueqa,7592,2025-06-18 08:38:20+00:00,"✨✨SOKANY 4 IN 1 HAND BLENDER

⚡️300Watt ጉልበት ያለው

🙂የህፃናት  ምግብ ለማዘጋጀት የሚፈለግ

💥 ጁስ፣ሽንኩርት፣ ስጋ እና አትክልቶችን ይፈጩበታል

💥 እንቁላልና ክሬም ይመቱበታል

         ዋጋ፦ 💵 4200 ብር💵

#ክፍያዎን_በሞባይል_ባንኪንግ_መፈፀምም_ይችላሉ በተጨማሪ #ከ_1000_ብር በላይ የሆኑ #ሁለት_ዕቃዎች ሲገዙ ስጦታ እንልክለዎታለን 
🎁 T.me/Leyueqa 🙂ቻናላችንን ለጓደኛዎ ሸር ማድረግዎን አይርሱ 

            0933334444 @Leyustore
            0944109295 @Lemaze_z
            0946242424 @Le_Mazez"
@Leyueqa,7591,2025-06-18 06:01:15+00:00,"🔠🔠🔠🔠🔠💡🔠🔠🔠🔠70ሴ.ሜ ድረስ የጎን ሳይዝ ያላቸዉ ለማንኛዉም ፍሪጅ+ለኦቭን+ለዲፕ ፍሪዝ ማስቀመጥ ወይም በቀላሉ ማንቀሳቀስ የሚያስችል
🅰 Adjustable Base For Washing amachine & Refrigerator

👌የፍሪጅ፣ ማስቀመጫ ማንቀሳቀሻ  የራስዎን  እና የዕቃዎን ደህንነት ይጠብቁ!  
ℹ ለቤትዎ ቢሉ ለስራ ቦታ የሚሆን 
⚡ እያንዳንዳቸዉ ከ49_70 ሳ.ሜ ድረስ መለጠጥ የሚችል 
🌾height 10cm
👉 load 200kg
          **ዋጋ ****✔️****2200 ብር ከነፃ ዲሊቨሪ ጋር**

❗️የሞተር አናስከፍልም❗️

#ክፍያዎን_ ዕቃዉ _እጅዎ ሲደርስ_ከፈለጉ_በካሽ_አልያም_በሞባይል_ባንኪንግ_መፈፀም_ይችላሉ በተጨማሪ #ከ_1000_ብር በላይ የሚተመኑ #ሁለት_ዕቃዎችን_ ሲገዙ ስጦታ እንልክለዎታለን 
🎁 T.me/Leyueqa 👈ቻናላችንን ለጓደኛዎ ሸር ማድረግዎን አይርሱ 
           👉 ያሉበት ድረስ በነፃ እናደርሳለን 🚗
          
           0933334444 @LeMazez_z
            0944109295 @Lemaze_z
            0946242424 @Le_Mazez"
@Leyueqa,7588,2025-06-17 14:27:10+00:00,"💥💥storage bowl 4pcs 

**ዋጋ 2100  ከነፃ ዲሊቨሪ ጋር**

**በተጨማሪ **#ከ_1000_ብር** በላይ የሆኑ
**#ሁለት_ዕቃዎች** በአንድዲሊቨሪ ግዜ  ሲያዙ ስጦታ እንልክለዎታለን **
T.me/Leyueqa ቻናላችንን ለጓደኛዎ ሸር ማድረግዎን አይርሱ 
       
   0933334444 @LeMazez_z
   0944109295 @Lemaze_z
   0946242424 @Le_Mazez
   ✅አድራሻ
⭕️ቁጥር 1 ልደታ ወደ ባልቻ ሆስፒታል ገባ ብሎ  አህመድ ህንፃ ላይ 1ኛፎቅ 114B"
@Leyueqa,7587,2025-06-17 10:48:34+00:00,"🆕🔄የቡና ስኒዎች ከማስቀመጫ ጋር 

💵  ዋጋ 6ፍሬ 2000 ከነፃ ዲሊቨሪ ጋር
 💵 12 ፍሬ  3600 ከነፃ ዲሊቨሪ ጋር


በተጨማሪ #ከ_1000_ብር በላይ የሆኑ
#ሁለት_ዕቃዎች በአንድዲሊቨሪ ግዜ  ሲያዙ ስጦታ እንልክለዎታለን 
🎁 T.me/Leyueqa 👈ቻናላችንን ለጓደኛዎ ሸር ማድረግዎን አይርሱ 
            0933334444 @LeMazez_z
            0944109295 @Lemaze_z
            0946242424 @Le_Mazez"
@Leyueqa,7586,2025-06-17 08:52:38+00:00,"8️⃣pcs Glass Kettle Set

⭐️ማራኪ እና በዉብ ዲዛይን
 1.4L የመያዝ አቅም ያለው  ጆግ
6 መጠጫ ብርጭቆ ጋር
ማቅረቢያ ሰርቪስ
ለቤትዎ ተጨማሪ ድምቀት የሚሆን

       💲   ዋጋ  3600 ከነፃ ዲሊቨሪ ጋር 

        ከነፃ ቤት ማድረስ ጋር

 
🚨 ያሉበት ድረስ  በነፃ እናደርሳለን።

በተጨማሪ #ከ_1000_ብር በላይ የሆኑ
#ሁለት_ዕቃዎች በአንድዲሊቨሪ ግዜ  ሲያዙ ስጦታ እንልክለዎታለን 
🎁 T.me/Leyueqa 👈ቻናላችንን ለጓደኛዎ ሸር ማድረግዎን አይርሱ 
            0933334444 @LeMazez_z
            0946242424 @Le_Mazez
            0944109295 @Lemaze_z"
@Leyueqa,7583,2025-06-17 05:59:20+00:00,"🧳🧳🧳ካዉያ **Stronglite iron 2.5 Kg 1200W Heavy Weight Iron Box - Gold Coloured Plate **

ዋጋ ✔️2000

      ነፃ ዲሊቨሪ

📌📌📌አድራሻ😀
⭕️ቁጥር 1 ልደታ ወደ ባልቻ ሆስፒታል ገባ ብሎ  አህመድ ህንፃ ላይ 1ኛፎቅ 114B
⭕️ቁጥር 2 __ 22 አውራሪስ ሆቴል አጠገብ  በፀጋ ህንፃ 3ኛ ፎ ቅ ከ ሊፍቱ  በ ግራ የሱቅ ቁጥር👌 C10 
ይደዉሉልን👆 
ባሉበት  ያለተጨማሪ ክፍያ ማዘዝ ይችላሉ 

            0933334444 @LeMazez_z
            0944109295 @Lemaze_z
            0946242424 @Le_Mazez"
@Leyueqa,7580,2025-06-16 12:19:57+00:00,"💥💥New simple floor clothes rack

✅Three in one to save space
✅Large capacity storage
✅Double raw hook design
✅Widened storage design
✅L-shaped integrated design
✅Thickened steel pipe
✅Saving money
✅Easy to adjust
✅No tool required
Easy instalation

✅Five layer

✅size:60*29.5*172cm

       💵   ዋጋ 👉 2800 ብር

📍📍አድራሻ
⭕️ቁጥር 1 ልደታ ወደ ባልቻ ሆስፒታል ገባ ብሎ  አህመድ ህንፃ ላይ 1ኛፎቅ 114B

0933334444 @LeMazez_z
0946242424 @Le_Mazez
0944109295 @Lemaze_z"
@Leyueqa,7575,2025-06-16 09:06:01+00:00,"🔴🔴ለክትፎ  ስጋ ለማድቀቅ ለጎመን ለፒዛ መቁረጫም መጠቀም የሚችሉት ምርጥ ቢላዋ በ 💵1450 ብር ብቻ **Pizza Cutter - Pizza Slicer - Mezzaluna / Mincing Knife - Double Handle Ideal for Mincing Dicing Chopping & Slicing - with Serrated Knife**
📌📌አድራሻ
⭕️ቁጥር 1 ልደታ ወደ ባልቻ ሆስፒታል ገባ ብሎ  አህመድ ህንፃ ላይ 1ኛፎቅ 114B
 
0933334444 @LeMazez_z
0946242424 @Le_Mazez
0944109295 @Lemaze_z"
@Leyueqa,7574,2025-06-16 07:33:40+00:00,"🛒🛒Creative 5 layer Shoe Rack

🛍የጫማ ማስቀመጫ
🛍ባለ አምስት ደረጃ
🛍 ቦታ ቆጣቢ
🛍 ሲዘረጋ 27cm*27cm*86cm ስፋት
🛍ከጠንካራ ፕላስቲክ የተሰራ
🛍ገጠማ የማይፈልግ
🛍5 ጥንድ ጫማዎችን ይይዛል

       ዋጋ💵፦1700 ብር💵
  
✉️ያሉበት ድረስ  በነፃ እናደርሳለን።

  📌📌አድራሻ
⭐️ቁጥር 1 ልደታ ወደ ባልቻ ሆስፒታል ገባ ብሎ  አህመድ ህንፃ ላይ 1ኛፎቅ 114B

0933334444 @LeMazez_z
0946242424 @Le_Mazez
0944109295 @Lemaze_z"
@Leyueqa,7573,2025-06-16 06:04:05+00:00,"hook  for different purposes

ሴራሚክ ወይም መስታዉት ለይ የሚለጠፍ

650 ብር
📌📌አድራሻ
⭕️ቁጥር 1 ልደታ ወደ ባልቻ ሆስፒታል ገባ ብሎ  አህመድ ህንፃ ላይ 1ኛፎቅ 114B
 
0933334444 @LeMazez_z
0946242424 @Le_Mazez
0944109295 @Lemaze_z"
@Leyueqa,7572,2025-06-14 12:34:26+00:00,"💥የእግር ማሳጀር (Foot bath massager) 🌞🦶🌞 

🤦‍♂ ብዙ ጊዜ በስራ ላይ ለሚቆሙ ሰዎች ፣ የተረከዝ መሰነጣጠቅ እና በእድሜ ለደከሙ እግር የሚሆን  መፍትሄ ይዘንሎት መተናል።

🦵 የአኩፓንቸር ነጥቦችን ሙሉ በሙሉ በማሸት የደም ዝውውርን ከፍ ማድረግ እና ሰላማዊ እንቅልፍ እንዲያገኙ ይረዳዎታል

🦵የታመሙ ተረከዞችን እና ጣቶችን ለማስታገስ

🦵የደከሙ እግሮችን ለመንከባከብ እና ለማከም የሚረዱ ለስላሳ እና የሚያነቃቁ አረፋዎች የያዘ

🛍Foot bath massager በመጠቀም የእግሮን ጤና እና ልስላሴ ይጠብቁ

👉 heat automatically
👉 shake massage
👉 gas wave oxygenated
👉 infrared physiotherapy 
👍 ለቁርጥማት ለተረከዝ ህመም ፍቱን የሆነ
👍 ለሪህ
👍 ዉበትን ለመጠበቅ የሚስማማ 
👍 ለእግር መዛል ለ ተረከዝ ቁርጥማት 
👍 ለ ደም መርጋት የ ደም ስር መፍታታትን የሚያመጣ

          ዋጋ፦👉 4700ብር

በተጨማሪ #ከ_1000_ብር በላይ የሆኑ
#ሁለት_ዕቃዎች በአንድዲሊቨሪ ግዜ  ሲያዙ ስጦታ እንልክለዎታለን 
🎁 T.me/Leyueqa 👈ቻናላችንን ለጓደኛዎ ሸር ማድረግዎን አይርሱ 
            0933334444 @LeMazez_z
            0944109295 @Lemaze_z
            0946242424 @Le_Mazez"
@Leyueqa,7571,2025-06-14 10:16:26+00:00,"✅ 6 PCS BATHROOM SET

 👉6 ዓይነት የመፀዳጃ ቤትና የንፅህና መጠበቂያዎች
👉1  ባለክዳን የቆሻሻ መጣያ ቅርጫት
👉 1 የፈሳሽ ሳሙና መርጫ
👉1 የጥርስ ሳሙና እና ብሩሽ መያዢያ
 👉1 የሳሙና ማስቀመጫ
👉 1 የተለያዩ ነገሮች ማስቀመጫ ኩባያ
👉 አንድ የፅዳት ብሩሽ ከነ ማስቀመጫው
👉Available color:-black and silver 

ዋጋ 👉 3100 ብር  ከነፃ ዲሊቨሪጋር ✅


📌📌📌**አድራሻ** 📌📌📌
⭕️ቁጥር 1 ልደታ ወደ ባልቻ ሆስፒታል ገባ ብሎ  አህመድ ህንፃ ላይ 1ኛፎቅ 114B
ይደዉሉልን👆 
ባሉበት  ያለተጨማሪ ክፍያ ማዘዝ ይችላሉ 
0933334444 @LeMazez_z
0946242424 @Le_Mazez
0944109295 @Lemaze_z"
@Leyueqa,7570,2025-06-14 08:43:30+00:00,"✅✅Trouser Hanger የሱሪ ማስቀመጫ
 የሱሪ ማስቀመጫ ሱሪዎ ወይም ልብስዎ ባለበት ንፅህናው እንደተጠበቀ ሳይጨማደድ ለማስቀመጥ ተመራጭ  
ዋጋ፦ 💸699 ብር💵

2 እና ከዚያ በላይ ነፃ ዲሊቨሪ
    
          
#ክፍያዎን_በሞባይል_ባንኪንግ_መፈፀምም_ይችላሉ በተጨማሪ #ከ_1000_ብር በላይ የሆኑ
#ሁለት_ዕቃዎች ሲገዙ ስጦታ እንልክለዎታለን 
😀 T.me/Leyueqa 👈ቻናላችንን ለጓደኛዎ ሸር ማድረግዎን አይርሱ

            0933334444 @LeMazez_z
            0944109295 @Lemaze_z
            0946242424 @Le_Mazez"
@Leyueqa,7569,2025-06-14 06:32:23+00:00,"⭐️⭐️ኪችንዎትን ውብ እና ፅዱ ለማድረግ ተመራጭ foil ceramic  Kitchen Sticker
ለኪችንዎ ውበት እጅግ ተመራጭ 
⭐️ውሀ የማያስገባ 
⭐️ቅባት ዘይት ነገሮች
⭐️እሳት እና ተቀጣጣይ ነገሮችን የሚቋቋም 
    ⭐️ለኪችን ካቢኔት
    ⭐️ለካቢኔት መሳቢያወች
    ⭐️ለኪችንዎ ግርግዳ 

ዋጋ 5meter × 60cm = 1250 ብር 💵     **አድራሻ** 📌
▶️ቁጥር 1 ልደታ ወደ ባልቻ ሆስፒታል ገባ ብሎ  አህመድ ህንፃ ላይ 1ኛፎቅ 114B

ባሉበት  ያለተጨማሪ ክፍያ ማዘዝ ይችላሉ 
0933334444 @LeMazez_z
0946242424 @Le_Mazez
0944109295 @Lemaze_z"
@Leyueqa,7567,2025-06-13 12:44:54+00:00,"ℹ️ℹ️ℹ️Ice cube Making Bottle

🔖It is an ice cube maker and pitcher as well, with the function of preparing ice cubes in a super easy way. 

🔖Suitable for home,

🔄2ዕቃ ከ1 ሺ ብር በላይ የሚተመኑ ዕቃዎች ሲገዙ ስጦታ  አዘጋጅተናል
  📌📌📌አድራሻ 👀
⭐️ቁጥር 1 ልደታ ወደ ባልቻ ሆስፒታል ገባ ብሎ  አህመድ ህንፃ ላይ 1ኛፎቅ 114B     💵 ዋጋ 750 💵
#ክፍያዎን_በሞባይል_ባንኪንግ_መፈፀምም_ይችላሉ በተጨማሪ #ከ_1000_ብር በላይ የሆኑ
#ሁለት_ዕቃዎች ሲገዙ ስጦታ እንልክለዎታለን 
🎁 T.me/Leyueqa 👈ቻናላችንን ለጓደኛዎ ሸር ማድረግዎን አይርሱ

            0933334444 @LeMazez_z
            0944109295 @Lemaze_z
            0946242424 @Le_Mazez"
@Leyueqa,7566,2025-06-13 07:50:37+00:00,"🥇🥇የስጋ መምቻ ለነጭ ሽንኩርት ማድቀቂያ ለአትንት መከትከቻ  Multipurpose alloy axe
Meat axe
Loose meat hammer
Kitchen tools
Steak hammer
Kitchen multifunctional hammer
 
Price💸 699
  🎁 T.me/Leyueqa 🙂ቻናላችንን ለጓደኛዎ ሸር ማድረግዎን አይርሱ
           
            0933334444 @LeMazez_z 
            0944109295 @Lemaze_z
            0946242424 @Le_Mazez"
@Leyueqa,7565,2025-06-13 07:48:51+00:00,"🥇🥇የስጋ መምቻ ለነጭ ሽንኩርት ማድቀቂያ ለአትንት መከትከቻ  Multipurpose alloy axe
Meat axe
Loose meat hammer
Kitchen tools
Steak hammer
Kitchen multifunctional hammer
 
Price💵 699
  🎁 T.me/Leyueqa 👈ቻናላችንን ለጓደኛዎ ሸር ማድረግዎን አይርሱ
           
            0933334444 @LeMazez_z 
            0944109295 @Lemaze_z
            0946242424 @Le_Mazez"
@Leyueqa,7562,2025-06-13 06:24:58+00:00,"🔴🔴🔴ENAT  Metad እናት ምጣድ 46CM 
በማንኛዉም በኖርማል ሶኬት የሚሰራ

🔥ለእንጀራ 🍕ለፒዛ  🫓 ለቆጮ

🥟 ለአንባሻ 🥞ለፓን ኬክ

🌮 ለቂጣ ዘሮች በሙሉ መዋል ይችላል::

💵 15,200

ያሉበት ድረስ በነፃ እናመጣለን 🚚🇪🇹🇪🇹🇪🇹
ከፈጣን እና  
ነፃ ዲሊቨሪ ጋር
🛞ያሉበት ቦታ ድረስ በነጻ እናደርሳለን (Free Delivery)🤪2ዕቃ ከ1 ሺ ብር በላይ የሚተመኑ ዕቃዎች ሲገዙ ስጦታ🎀 አዘጋጅተናል
  😀😀😀አድራሻ👀
ቁጥር 1 ልደታ ወደ ባልቻ ሆስፒታል ገባ ብሎ  አህመድ ህንፃ ላይ 1ኛፎቅ 114B

ባሉበት  ያለተጨማሪ ክፍያ ማዘዝ ይችላሉ 
0933334444 @LeMazez_z
0944109295 @Lemaze_z
0946242424 @Le_Mazez"
@Leyueqa,7561,2025-06-12 12:04:42+00:00,"🍀🍀🍀Buy INova Hair strighitner Professional Hair Straightener online at lowest price

price✔️ 1450 ከነፃ ዲሊቨሪ ጋር

❗️የሞተር አናስከፍልም ውስን ፍሬ ነው ያለው❗️

       
     0933334444 @LeMazez_z 
     0944109295 @Lemaze_z
     0946242424 @Le_Mazez
#ክፍያዎን_በሞባይል_ባንኪንግ_መፈፀምም_ይችላሉ በተጨማሪ #ከ_1000_ብር በላይ የሆኑ
#ሁለት_ዕቃዎች ሲገዙ ስጦታ እንልክለዎታለን 
🎁 T.me/Leyueqa 👈ቻናላችንን ለጓደኛዎ ሸር ማድረግዎን አይርሱ"
@Leyueqa,7560,2025-06-12 08:48:44+00:00,"🌀🌀🌀የሊጥ ማዞሪያ  ለእንጀራ ለ ጨጨብሳ የሚሆን
💵ዋጋ 3200 💵

            0933334444 @LeMazez_z 
            0946242424 @Le_Mazez
            0944109295 @Lemaze_z
#ክፍያዎን_በሞባይል_ባንኪንግ_መፈፀምም_ይችላሉ በተጨማሪ #ከ_1000_ብር** በላይ** የሆኑ
#ሁለት_ዕቃዎች ሲገዙ ስጦታ እንልክለዎታለን 
🎁 T.me/Leyueqa 👈ቻናላችንን ለጓደኛዎ ሸር ማድረግዎን አይርሱ   "
@Leyueqa,7555,2025-06-12 06:35:52+00:00,"🧳🧳🧳Samosa Maker 6 in 1

ማኑዋል በቀላሉ ሳንደክም ጉልበትፐእና ግዜ የሚቆጥብ የሳምቡሳ መስሪያ 6 በ 1

ዋጋ 👉✔️1400 ብር
ባሉበት  ያለተጨማሪ ክፍያ ማዘዝ ይችላሉ 

      ነፃ ዲሊቨሪ

📌📌📌አድራሻ😀
⭕️ቁጥር 1 ልደታ ወደ ባልቻ ሆስፒታል ገባ ብሎ  አህመድ ህንፃ ላይ 1ኛፎቅ 105B
⭕️ቁጥር 2 __ 22 አውራሪስ ሆቴል አጠገብ  በፀጋ ህንፃ 3ኛ ፎ ቅ ከ ሊፍቱ  በ ግራ የሱቅ ቁጥር👌 C10 
ይደዉሉልን👆 
ባሉበት  ያለተጨማሪ ክፍያ ማዘዝ ይችላሉ 

            0933334444 @LeMazez_z
            0944109295 @Lemaze_z
            0946242424 @Le_Mazez"
@Leyueqa,7552,2025-06-11 12:27:14+00:00,"🔥🔥SOKANY Kettles Electric - Fast Boiling Kettles( የውሀ ማፍያ ) 2.5L 1500W Removable Washable
price 2550💵

🔴ከነፃ ዲሊቨሪ ጋር🔴
#ክፍያዎን_በሞባይል_ባንኪንግ_መፈፀምም_ይችላሉ በተጨማሪ #ከ_1000_ብር በላይ የሆኑ #ሁለት_ዕቃዎች ሲገዙ ስጦታ እንልክለዎታለን 
🎁 T.me/Leyueqa 👈ቻናላችንን ለጓደኛዎ ሸር ማድረግዎን አይርሱ 
   
            0946242424 @Le_Mazez
            0944109295 @Lemaze_z"
@Leyueqa,7551,2025-06-11 08:22:59+00:00,"🔝🔝🔝ነጭ ሽንኩርት መላጪያ እና የሽንኩርት የስጋ መፍጪያ  Kitchen Expert 3 in 1 Chopper and Garlic Peeler

👉3 ሊትር የሚይዙ ሁለት ቋቶች
👉 አንዱ የብረት አንዱ ደግሞ ወፍራም ጠርሙስ
👉 ባለ 4 ምላጭ እና ባለ 2 ምላጭ መፍጪያ ያለው
👉 ስጋ፣ ጨጓራ፣ አትክልት፣ ቀይ ሽንኩርት፣ነጭ ሽንኩርት ይፈጩበታል
👉 የደረቀ እና የተፈለፈለ ነጭ ሽንኩርት ገለባ  መላጪያ ያለው
👉 ተጨማሪ አንድ መቀየሪያ ባለ 4 ምላጭ ያለው
👉ባለ 3 ፕሬስ መፍጪያ

ዋጋ 👉3900

ከነፃ ዲሊቨሪ ጋር
#ክፍያዎን_በሞባይል_ባንኪንግ_መፈፀምም_ይችላሉ በተጨማሪ #ከ_1000_ብር በላይ የሆኑ #ሁለት_ዕቃዎች ሲገዙ ስጦታ እንልክለዎታለን 
🎁 T.me/Leyueqa 👈ቻናላችንን ለጓደኛዎ ሸር ማድረግዎን አይርሱ 

            0933334444 @Leyustore
            0944109295 @Lemaze_z
            0946242424 @Le_Mazez"
@Leyueqa,7550,2025-06-11 08:22:46+00:00,"🔝🔝 ነጭ ጭንኩርት መላጪያ እና የሽንኩርት የስጋ መፍጪያ  Kitchen Expert 3 in 1 Chopper and Garlic Peeler

👉3 ሊትር የሚይዙ ሁለት ቋቶች
👉 አንዱ የብረት አንዱ ደግሞ ወፍራም ጠርሙስ
👉 ባለ 4 ምላጭ እና ባለ 2 ምላጭ መፍጪያ ያለው
👉 ስጋ፣ ጨጓራ፣ አትክልት፣ ቀይ ሽንኩርት፣ነጭ ሽንኩርት ይፈጩበታል
👉 የደረቀ እና የተፈለፈለ ነጭ ሽንኩርት ገለባ  መላጪያ ያለው
👉 ተጨማሪ አንድ መቀየሪያ ባለ 4 ምላጭ ያለው
👉ባለ 3 ፕሬስ መፍጪያ

ዋጋ 👉3900

ከነፃ ዲሊቨሪ ጋር
#ክፍያዎን_በሞባይል_ባንኪንግ_መፈፀምም_ይችላሉ በተጨማሪ #ከ_1000_ብር በላይ የሆኑ #ሁለት_ዕቃዎች ሲገዙ ስጦታ እንልክለዎታለን 
🎁 T.me/Leyueqa 👈ቻናላችንን ለጓደኛዎ ሸር ማድረግዎን አይርሱ 

            0933334444 @Leyustore
            0944109295 @Lemaze_z
            0946242424 @Le_Mazez"
@Leyueqa,7547,2025-06-11 06:36:57+00:00,"4 set seasoning bottles 

2 ፍሬ የዘይት እና አቼቶ መቀነሻ
2 ፍሬ የቅመም መቀነሻ እና የራሱ መነስነሻ ያለው
የራሱ የሆነ ማስቀመጫ ያለው
ለራስዎ፣ለወዳጅ ዘመድዎ የሚያበረክቱት አስተማማኝ እቃ
ዋጋ 1700

📌📌📌አድራሻ
⭕️ቁጥር 1 ልደታ ወደ ባልቻ ሆስፒታል ገባ ብሎ  አህመድ ህንፃ ላይ 1ኛፎቅ 105B
ይደዉሉልን
ባሉበት  ያለተጨማሪ ክፍያ ማዘዝ ይችላሉ 

            0946242424 @Le_Mazez
            0944109295 @Lemaze_z
           "
@Leyueqa,7546,2025-06-10 11:38:03+00:00,"🛍🛍🛍የቡና  ወይም ለቅመም መፍጫ  የሚሆን ዋጋ1600 ከነፃ ዲሊቨሪ ጋር

ከነፃ ዲሊቨሪ ጋር
#ክፍያዎን_በሞባይል_ባንኪንግ_መፈፀምም_ይችላሉ በተጨማሪ #ከ_1000_ብር በላይ የሆኑ #ሁለት_ዕቃዎች ሲገዙ ስጦታ እንልክለዎታለን 
🎁 T.me/Leyueqa 👈ቻናላችንን ለጓደኛዎ ሸር ማድረግዎን አይርሱ 

            
            0944109295 @Lemaze_z
            0946242424 @Le_Mazez"
@Leyueqa,7545,2025-06-10 08:49:07+00:00,"ትልቁ spark ባለሁለት ስቶቭ stove

ስለ ጥራቱ አያስቡ እንዳያልቅ ብቻ ቀድመው ይደውሉ 
ትልቁ : 3100 ብር
                            
🚴🛵 ያሉበት ድረስ  በነፃ እናደርሳለን።

በተጨማሪ #ከ_1000_ብር በላይ የሆኑ
#ሁለት_ዕቃዎች በአንድዲሊቨሪ ግዜ  ሲያዙ ስጦታ እንልክለዎታለን 
🎁 T.me/Leyueqa 👈ቻናላችንን ለጓደኛዎ ሸር ማድረግዎን አይርሱ 
            
            0946242424 @Le_Mazez
            0944109295 @Lemaze_z"
@Leyueqa,7543,2025-06-10 05:56:32+00:00,"ባለ ሁለት መደርደሪያ  Over Toilet Storage Rack

🔰የቦታ ጥበት ካለብዎ ይሄ ያስፈልግዎታል
🔰 Toilet/Kitchen ላይ ሊጠቀሙበት ይችላሉ
🔰የንፅህና ዕቃዎችን፣ የግሮሰሪና ዕቃዎችን፣ ኮስሞቲክሶች እና አትክልት/ፍራፍሬዎችን ሊያስቀምጡበት ይችላሉ
🔰 ግድግዳ መብሳት አያስፈልግዎትም
🔰 ከጠንካራ ብረት እና ፕላስቲክ የተሰራ
🔰 እርጥበትን የሚቋቋም የማይዝግ
🔰 ማያያዣ ሁክ ያለው

ባለ ሁለት መደርደሪያ ዋጋ 1500 **ዲሊቨሪ  በነፃ
**limited stock

   
   0946242424 @Le_Mazez

   0944109295 @Lemaze_z"
@Leyueqa,7542,2025-06-09 06:34:51+00:00,"🔠🔠🔠🔠🔠🔠 🔠🔠🔠
**Foldable High Capacity Travel Bags**  
👉__Lightweight Travel Carry Bag 
👉 High Capacity
👉Water-resistant multiple pockets 
👉Multifunctional Sport Travel Bags__
👉It is portable with multiple ways to carry, handheld, shoulder-on, or put on luggage. 


   **   ዋጋ፦ 1**550✅  ከነፃ ዲሊቨሪ ጋር
**
**#ክፍያዎን_ ዕቃዉ _እጅዎ ሲደርስ_ከፈለጉ_በካሽ_አልያም_በሞባይል_ባንኪንግ_መፈፀም_ይችላሉ በተጨማሪ #ከ_1000_ብር በላይ የሚተመኑ #ሁለት_ዕቃዎችን_ ሲገዙ ስጦታ እንልክለዎታለን 
🎁 T.me/Leyueqa 👈ቻናላችንን ለጓደኛዎ ሸር ማድረግዎን አይርሱ 
           👉 ያሉበት ድረስ በነፃ እናደርሳለን 🚗
          
            0933334444 @LeMazez_z
            0944109295 @Lemaze_z
            0946242424 @Le_Mazez"
@Leyueqa,7540,2025-06-05 06:02:45+00:00,"🔠🔠🔠🔠 🔠🔠🔠🔠🔠🔠🔠Sokany  Meat Grinder

✔️100% copper motor
✔️Durable metal joint
✔️High quality cutting blade

✔️3 pcs metal discs, sector, midium, coarses
✔️easy to clean
✔️3000 w

        ዋጋ ✔️ 9500 ብር
                         
🚴♂️🛵 ያሉበት ድረስ  በነፃ እናደርሳለን።

   0933334444 @LeMazez_z
   0944109295 @Lemaze_z
   0946242424 @Le_Mazez
አድራሻ✅
⭕️ቁጥር 1 ልደታ ወደ ባልቻ ሆስፒታል ገባ ብሎ  አህመድ ህንፃ ላይ 1ኛፎቅ 114B"
@Leyueqa,7536,2025-06-04 13:34:35+00:00,"🔥🔥🔥2 ድስቶች + 1 ወጥ ማቅረቢያ + 1 መጥበሻ 
  የማይዙ የማያሳርሩ ለይታ ውቡ የሆኑ 
         ዋጋ 💵7000 ብር  🛞🛞ከነፃ ዲሊቨሪ ጋር🛞🛞

     
የሞተር ዲሊቨሪ አናስከፍልም
        
🔹🔹🔹አድራሻ
⭕️ቁጥር 1 ልደታ ወደ ባልቻ ሆስፒታል ገባ ብሎ  አህመድ ህንፃ ላይ 1ኛፎቅ 114B
⭕️ቁጥር 2 __ 22 አውራሪስ ሆቴል አጠገብ  በፀጋ ህንፃ 3ኛ ፎ ቅ ከ ሊፍቱ  በ ግራ የሱቅ ቁጥር👌 C10 
ይደዉሉልን👆 
ባሉበት  ያለተጨማሪ ክፍያ ማዘዝ ይችላሉ

0933334444 @LeMazez_z
0946242424 @Le_Mazez
0944109295 @Lemaze_z"
@Leyueqa,7532,2025-06-04 11:02:33+00:00,"💎💎💎የመስታዎት ፓትራዎች ( glass bakewares) 

🟢Rectagular shape

🟢ገበታ ላይ መቅረብ የሚችሉ ውብ የመስታዎት ፓትራዎች 
   
🟢ሶስት የተለያየ መጠን ያላቸው (3.1 ሊ ፣ 2.5 ሊ፣ 1.8ሊ ) ፓትራዎችን የያዘ

🟢ለላዛኛ ፣ ፓስታ ፍርኖ፣ ኬክ  ተመራጭ

🟢ውብና ማራኪ ገበታ ላይ  መቅረብ የሚችሉ 

🟢ውፍራም ማንኛውንም ሙቀት የሚቋቋም

ዋጋ፦💵  ሶስቱን በ 3800 ብር

🚨🚨 ያሉበት ድረስ  በነፃ እናደርሳለን።

   0933334444 @LeMazez_z
   0944109295 @Lemaze_z
   0946242424 @Le_Mazez
አድራሻ✅
⭕️ቁጥር 1 ልደታ ወደ ባልቻ ሆስፒታል ገባ ብሎ  አህመድ ህንፃ ላይ 1ኛፎቅ 114B
⭕️ቁጥር 2 __ 22 አውራሪስ ሆቴል አጠገብ  በፀጋ ህንፃ 3ኛ ፎ ቅ ከ ሊፍቱ  በ ግራ የሱቅ ቁጥር C10 
ይደዉሉልን"
@Leyueqa,7531,2025-06-04 10:17:01+00:00,"🎂🎂🎁ሴራሚክ የበርገር  የሳንዱች የችብስ ማቅረቢያ ሳህን 💵በ850 ብር ብቻ

            0933334444 @LeMazez_z 
            0946242424 @Le_Mazez
            0944109295 @Lemaze_z
#ክፍያዎን_በሞባይል_ባንኪንግ_መፈፀምም_ይችላሉ በተጨማሪ #ከ_1000_ብር** በላይ** የሆኑ
#ሁለት_ዕቃዎች ሲገዙ ስጦታ እንልክለዎታለን 
🎁 T.me/Leyueqa 👈ቻናላችንን ለጓደኛዎ ሸር ማድረግዎን አይርሱ   "
@Leyueqa,7530,2025-06-04 08:18:32+00:00,"⬇️⬇️⬇️⬇️Pizza Pan
✔️የፒዛ መጋገሪያ
✔️ 40cm ተመራጭ ሳይዝ
✔️ ለፒዛ፣ ለፓን ኬክ፣ ለሻወርማና ፈጢራ ቂጣ መጋገራያ፣ ለጨጨብሳና ለጥብሳ ጥብስ ማብሰያ የሚሆን
✔️ ቶሎ የሚግል ቴርሞስታት የተገጠመለት
✔️ የማይዝ ምጣድ
ዋጋ ➡️4300 ነፃ ዲሊቨሪ
በተጨማሪ #ከ_1000_ብር በላይ የሆኑ
#ሁለት_ዕቃዎች በአንድዲሊቨሪ ግዜ  ሲያዙ ስጦታ እንልክለዎታለን 
🎁 T.me/Leyueqa 👈ቻናላችንን ለጓደኛዎ ሸር ማድረግዎን አይርሱ 
            0933334444 @LeMazez_z
            0946242424 @Le_Mazez
            0944109295 @Lemaze_z"
@Leyueqa,7525,2025-06-04 06:04:22+00:00,"💥💥💥touch technology ele (ተች የኤሌክትሪክ ስቶቭ) 

🔴Touch screen control system
🔴 ለአጠቃቀም በጣም ምቹ እና ዘመናዊ
🔴 ከመጠን በላይ እንዳይግል መከላከያ ያለው
🔴 ቆሻሻ የማይዝ

ውስን ፍሬ ነው የቀረው⚠️⁉️ 
< Limited Stock 
**ዋጋ፦💵  4100 ብር**
**ከነፃ ዲሊቨሪ ጋር**
            0933334444 @LeMazez_z 
            0946242424 @Le_Mazez
            0944109295 @Lemaze_z
#ክፍያዎን_በሞባይል_ባንኪንግ_መፈፀምም_ይችላሉ በተጨማሪ #ከ_1000_ብር** በላይ** የሆኑ
#ሁለት_ዕቃዎች ሲገዙ ስጦታ እንልክለዎታለን 
🎁 T.me/Leyueqa 👈ቻናላችንን ለጓደኛዎ ሸር ማድረግዎን አይርሱ   "
@Leyueqa,7524,2025-06-03 11:58:49+00:00,"🤒🤒Telescopic Stainless Steel Majic Mop

👍ማጂክ መወልወያ
👍 ውሃ በከፍተኛ ደረጃ ይመጣል
👍በራሱ ይጨምቃል ከእጅ ንኪኪ ነፃ

              ** **💵**ዋጋ፦ 900 ብር** ከነፃ ዲሊቨሪ ጋር 

⚠️⚠️ውስን ፍሬ ነው ያለን ደውለው⚠️⚠️ ይዘዙን
   
            0933334444 @LeMazez_z 
            0946242424 @Le_Mazez
            0944109295 @Lemaze_z
#ክፍያዎን_በሞባይል_ባንኪንግ_መፈፀምም_ይችላሉ በተጨማሪ #ከ_1000_ብር** በላይ** የሆኑ
#ሁለት_ዕቃዎች ሲገዙ ስጦታ እንልክለዎታለን 
🎁 T.me/Leyueqa 👈ቻናላችንን ለጓደኛዎ ሸር ማድረግዎን አይርሱ   "
@Leyueqa,7523,2025-06-03 10:16:49+00:00,"🔥🔥ELECTRIC  non stick fry pan
✅የማይዝ  መጥበሻ
 30cm ስፋት ያለው
 ተለቅ ያለ ጎድጓዳ መጥበሻ
✅ የማይሰበር ክዳን

💵4200 💵 ከነፃ ዲሊቨሪ ጋር #ክፍያዎን_ ዕቃዉ _እጅዎ ሲደርስ_ከፈለጉ_በካሽ_አልያም_በሞባይል_ባንኪንግ_መፈፀም_ይችላሉ በተጨማሪ #ከ_1000_ብር በላይ የሚተመኑ #ሁለት_ዕቃዎችን_ ሲገዙ ስጦታ እንልክለዎታለን 
 T.me/Leyueqa ቻናላችንን ለጓደኛዎ ሸር ማድረግዎን አይርሱ 
           ያሉበት ድረስ በነፃ እናደርሳለን 
          
            0933334444 @LeMazez_z
            0944109295 @Lemaze_z
            0946242424 @Le_Mazez"
@Leyueqa,7522,2025-06-03 08:25:19+00:00,"💧💧💧💧Water dispensor 

Price ✔️750 birr

        
#ክፍያዎን_በሞባይል_ባንኪንግ_መፈፀምም_ይችላሉ በተጨማሪ #ከ_1000_ብር በላይ የሆኑ #ሁለት_ዕቃዎች ሲገዙ ስጦታ እንልክለዎታለን 
🎁 T.me/Leyueqa 👈ቻናላችንን ለጓደኛዎ ሸር ማድረግዎን አይርሱ 

            0933334444 @Leyustore
            0944109295 @Lemaze_z
            0946242424 @Le_Mazez "
@Leyueqa,7521,2025-06-03 05:56:48+00:00,"⚡️⚡️⚡️ Kitchen Sink Utensils Drying Rack

✔️የታጠቡ የወጥ ቤት ዕቃዎች ማድረቂያ
✔️ከማይዝግ ብረት የተሰራ
✔️ በቀላሉ የሚገጣጠም
✔️ ማንኛውም የዕቃ ማጠቢያ ሲንክ ላይ የሚገጠም

💵7700 ብር💵
ዲሊቨሪ አናስከፍልም🚫

#ክፍያዎን_ ዕቃዉ _እጅዎ ሲደርስ_ከፈለጉ_በካሽ_አልያም_በሞባይል_ባንኪንግ_መፈፀም_ይችላሉ በተጨማሪ #ከ_1000_ብር በላይ የሚተመኑ #ሁለት_ዕቃዎችን_ ሲገዙ ስጦታ እንልክለዎታለን 
🎁 T.me/Leyueqa 👈ቻናላችንን ለጓደኛዎ ሸር ማድረግዎን አይርሱ 
           👉ያሉበት ድረስ በነፃ እናደርሳለን 🛞
          
            0933334444 @LeMazez_z
            0944109295 @Lemaze_z
            0946242424 @Le_Mazez"
@Leyueqa,7515,2025-06-02 11:09:25+00:00,"✅✅Large Size Portable Folding Stool  🔴**ትልቁ ተጣጣፊ ወንበር****🔴**

✅እስከ 300LB መሸከም የሚችል 
✅ ለሃይማኖታዊ ቦታዎች  ተመራጭ
✅ለቤትዎም ጭምር እንግዳ ቢመጣቦት መሆን የሚችል
✅ቦታ የማይዝ በቀላሉ ተጣጥፎ መቀመጥ የሚችል

✅ Light Wight Material Easy to Carry
✅Great and Ideal for Kids, Adults & Seniors

✅Premium Quality - Made of tough & durable heavy-duty plastic for long-lasting durability

✅For Kids, Adults, Kitchen Garden Bathroom Stepping Stool
               
           💵 ዋጋ፦  1800 ብር 💵
   0933334444 @LeMazez_z
   0944109295 @Lemaze_z
   0946242424 @Le_Mazez
   #አድራሻ
✅ቁጥር 1 ልደታ ወደ ባልቻ ሆስፒታል ገባ ብሎ  አህመድ ህንፃ ላይ 1ኛፎቅ 114B"
@Leyueqa,7510,2025-06-02 09:48:24+00:00,"🔔🟢ፓኬጅ 27

🔥የዉሃ ማፍያ ቦይለር እና የቡና መፍጫ አንድ ላይ 2 ሊትር የዉሃ ማፍያ እና ለቤት እና ለቢሮ አገልግሎት የሚዉል የቡና መፍጫ

🔄ሁለቱንም አንድ ላይ 💵በ2900 💵 ብር ብቻ ይዘንላቹህ ቀርበናል
 ⚠️⚠️ዉስን ብዛት ነዉ ያለዉ ፈጥነዉ ይዘዙን⚠️⚠️
#ደዉለዉ** ይዘዙን  ያለተጨማሪ ክፍያ ሰፈርዎ ድረስ  ይመጣልዎታ**ል
**በተጨማሪ **#ከ_1000_ብር** በላይ የሆኑ
**#ሁለት_ዕቃዎች** በአንድዲሊቨሪ ግዜ  ሲያዙ ስጦታ እንልክለዎታለን **
 T.me/Leyueqa ቻናላችንን ለጓደኛዎ ሸር ማድረግዎን አይርሱ 
       
   0933334444 @LeMazez_z
   0944109295 @Lemaze_z
   0946242424 @Le_Mazez
   #አድራሻ
⭕️ቁጥር 1 ልደታ ወደ ባልቻ ሆስፒታል ገባ ብሎ  አህመድ ህንፃ ላይ 1ኛፎቅ 114B"
@Leyueqa,7509,2025-06-02 07:56:47+00:00,"🔤🔤🔤🔤🔤🔤🔤🔤🔤🔤🔤🔤🔤🔤Soap dispensor የሳሙና መቀነሻ ተለጣፊ እቃ 
ለሆስፒታል ,ለኪችን,ለፀጉርቤት,ለሆቴል,ለመታጠቢያ እና ማረፊያ ክፍሎች ተስማሚ 
**ዋጋ ****✔️**950

#ክፍያዎን_ ዕቃዉ _እጅዎ ሲደርስ_ከፈለጉ_በካሽ_አልያም_በሞባይል_ባንኪንግ_መፈፀም_ይችላሉ በተጨማሪ #ከ_1000_ብር በላይ የሚተመኑ #ሁለት_ዕቃዎችን_ ሲገዙ ስጦታ እንልክለዎታለን 
🎁 T.me/Leyueqa 👈ቻናላችንን ለጓደኛዎ ሸር ማድረግዎን አይርሱ 
           👉 ያሉበት ድረስ በነፃ እናደርሳለን 🚗
          
           0933334444 @LeMazez_z
            0944109295 @Lemaze_z
            0946242424 @Le_Mazez"
@Leyueqa,7508,2025-06-02 06:08:42+00:00,"🔻🔻ሂና henna stencils designed for creating temporary henna tattoos. 

pair price 299
#ክፍያዎን_ ዕቃዉ _እጅዎ ሲደርስ_ከፈለጉ_በካሽ_አልያም_በሞባይል_ባንኪንግ_መፈፀም_ይችላሉ በተጨማሪ #ከ_1000_ብር በላይ የሚተመኑ #ሁለት_ዕቃዎችን_ ሲገዙ ስጦታ እንልክለዎታለን 
🎁 T.me/Leyueqa 👈ቻናላችንን ለጓደኛዎ ሸር ማድረግዎን አይርሱ 
           👉 ያሉበት ድረስ በነፃ እናደርሳለን 🚗
          
            0933334444 @LeMazez_z
            0944109295 @Lemaze_z
            0946242424 @Le_Mazez"
@Leyueqa,7507,2025-05-31 12:32:28+00:00,"🤍🤍Spa Gel Socks

🤍 ለእግር ልስላሴ 
🤍 ለሚሰነጣጠቅ እግር
🤍 ድርቀትን የሚያለሰልስ
🤍 የሚታጠብ

           💵ዋጋ፦ 550**ብር**

0933334444 @LeMazez_z
0946242424 @Le_Mazez
0944109295 @Lemaze_z"
@Leyueqa,7501,2025-05-31 11:33:19+00:00,"✔️✔️✔️ሞላላ ስላይስ ለመስራት ኬክ ወይም ዳቦ ለማዘጋጀት የሚጠቅም ፓትራ 1350 ብር💵

⚠️**የሞተር አናስከፍልም**⚠️

#ክፍያዎን_ ዕቃዉ _እጅዎ ሲደርስ_ከፈለጉ_በካሽ_አልያም_በሞባይል_ባንኪንግ_መፈፀም_ይችላሉ በተጨማሪ #ከ_1000_ብር በላይ የሚተመኑ #ሁለት_ዕቃዎችን_ ሲገዙ ስጦታ እንልክለዎታለን 
🎁 T.me/Leyueqa 👈ቻናላችንን ለጓደኛዎ ሸር ማድረግዎን አይርሱ 
           👉ያሉበት ድረስ በነፃ እናደርሳለን 🚗
          
            0933334444 @LeMazez_z
            0944109295 @Lemaze_z
            0946242424 @Le_Mazez"
@Leyueqa,7500,2025-05-31 10:30:00+00:00,"⭐️⭐️Over Toilet Storage Rack

🔖የቦታ ጥበት ካለብዎ ይሄ ያስፈልግዎታል
🔖 Toilet/Kitchen ላይ ሊጠቀሙበት ይችላሉ
🔖የንፅህና ዕቃዎችን፣ የግሮሰሪና ዕቃዎችን፣ ኮስሞቲክሶች እና አትክልት/ፍራፍሬዎችን ሊያስቀምጡበት ይችላሉ
🔖 ግድግዳ መብሳት አያስፈልግዎትም
🔖 ከጠንካራ ብረት እና ፕላስቲክ የተሰራ
🔖 እርጥበትን የሚቋቋም የማይዝግ
🔖ማያያዣ ሁክ ያለው

**ዋጋ ****💵****1800 ዉስን ብቻ**⚠️⚠️

   0933334444 @LeMazez_z
   0944109295 @Lemaze_z
   0946242424 @Le_Mazez
አድራሻ📌
📌ቁጥር 1 ልደታ ወደ ባልቻ ሆስፒታል ገባ ብሎ  አህመድ ህንፃ ላይ 1ኛፎቅ 105B
📌ቁጥር 2 __ 22 አውራሪስ ሆቴል አጠገብ  በፀጋ ህንፃ 3ኛ ፎ ቅ ከ ሊፍቱ  በ ግራ የሱቅ ቁጥር C10 
ይደዉሉልን"
@sinayelj,16429,2025-06-20 12:33:45+00:00,"ብዙ አገልግሎቶችን በአንድ የያዘ 5 in 1 ጄሪሎ
1⃣ ውስጡ ገብተው እየተጫወቱ እንዲራመዱ ይረዳቸዋል
2⃣ቅዝቃዜ እግራቸውን እንዳይጎዳቸው የሚወጠር ጨርቅ ስላለው ጨርቁ ተወጥሮ ጨርቁ ላይ መቆም ይችላሉ
3⃣ እንደ ፑሽ ካር እራሳችን እየገፍን እናጫውትበታለን
4⃣ እንደ ዎከር ልጁ ከፍ ብሎ እቃ እየያዘ ለመራመድ በሚጥርበት ጊዜም እየነዳው መራመድ ይችላል
5⃣ መጫዎቻው አሸንጉሊት ተነስቶም እንደ መመገቢያም ወንበርም መሆን ይችላል 
✅ የራሱ ጥላ ስላለው ጊቢ ውስጥም መጠቀም ይችላል
8500 ብር
Free delivery

0909003864
0905707448  

ሊንኩን በመጫን ቴሌግራማችንን [ይቀላቀሉ](https://t.me/sinayelj)[https://t.me/sinayelj](https://t.me/sinayelj)

እቃ ለማዘዝ ከስር ያለውን ሊንኮች በመጫን ማዘዝ ትችላላቹ  

@sinasinaye

[https://t.me/sinayelj2](https://t.me/sinayelj2)

አድራሻ

 1️⃣ቁጥር1 ገርጂ ኢምፔሪያል ከሳሚ ህንፃ ጎን አልፎዝ ፕላዛ ግራውንድ ላይ እንደገቡ ያገኙናል

2️⃣ቁጥር2 4ኪሎ ቅድስት ስላሴ ህንፃ ማለትም ከብልፅግና ዋናፅፈት ቤት ህንፃ በስተ ቀኝ ባለው አስፓልት 20ሜትር ዝቅ እንዳሉ ሀበሻ ኮፊ የሚገኝበት ቀይ ሸክላ ህንፃ 2ተኛ ፎቅ ላይ ያገኙናል

ክቡራን ደምበኞቻችን ገርጂ አልፎዝ ፕላዛ ላይ አራት ኪሎ ቅድስት ስላሴ ያሉት ሱቆቻችን ሲመጡ  አስተማማኝ ሰፊ ፓርኪንግ ያላቸው መሆናቸውን በታላቅ ደስታ እናበስራለን🙏🙏🙏"
@sinayelj,16428,2025-06-17 15:36:49+00:00,"DOCTOR 2 pcs set custom

2800 birr 

0909003864
0905707448  

ሊንኩን በመጫን ቴሌግራማችንን [ይቀላቀሉ](https://t.me/sinayelj)[https://t.me/sinayelj](https://t.me/sinayelj)

እቃ ለማዘዝ ከስር ያለውን ሊንኮች በመጫን ማዘዝ ትችላላቹ  

@sinasinaye

[https://t.me/sinayelj2](https://t.me/sinayelj2)

አድራሻ

 1️⃣ቁጥር1 ገርጂ ኢምፔሪያል ከሳሚ ህንፃ ጎን አልፎዝ ፕላዛ ግራውንድ ላይ እንደገቡ ያገኙናል

2️⃣ቁጥር2 4ኪሎ ቅድስት ስላሴ ህንፃ ማለትም ከብልፅግና ዋናፅፈት ቤት ህንፃ በስተ ቀኝ ባለው አስፓልት 20ሜትር ዝቅ እንዳሉ ሀበሻ ኮፊ የሚገኝበት ቀይ ሸክላ ህንፃ 2ተኛ ፎቅ ላይ ያገኙናል

ክቡራን ደምበኞቻችን ገርጂ አልፎዝ ፕላዛ ላይ አራት ኪሎ ቅድስት ስላሴ ያሉት ሱቆቻችን ሲመጡ  አስተማማኝ ሰፊ ፓርኪንግ ያላቸው መሆናቸውን በታላቅ ደስታ እናበስራለን🙏🙏🙏"
@sinayelj,16423,2025-06-17 15:36:48+00:00,"El Maayergy Boys Profession Costumes, Blue and Gold

3000 birr 

0909003864
0905707448  

ሊንኩን በመጫን ቴሌግራማችንን [ይቀላቀሉ](https://t.me/sinayelj)[https://t.me/sinayelj](https://t.me/sinayelj)

እቃ ለማዘዝ ከስር ያለውን ሊንኮች በመጫን ማዘዝ ትችላላቹ  

@sinasinaye

[https://t.me/sinayelj2](https://t.me/sinayelj2)

አድራሻ

 1️⃣ቁጥር1 ገርጂ ኢምፔሪያል ከሳሚ ህንፃ ጎን አልፎዝ ፕላዛ ግራውንድ ላይ እንደገቡ ያገኙናል

2️⃣ቁጥር2 4ኪሎ ቅድስት ስላሴ ህንፃ ማለትም ከብልፅግና ዋናፅፈት ቤት ህንፃ በስተ ቀኝ ባለው አስፓልት 20ሜትር ዝቅ እንዳሉ ሀበሻ ኮፊ የሚገኝበት ቀይ ሸክላ ህንፃ 2ተኛ ፎቅ ላይ ያገኙናል

ክቡራን ደምበኞቻችን ገርጂ አልፎዝ ፕላዛ ላይ አራት ኪሎ ቅድስት ስላሴ ያሉት ሱቆቻችን ሲመጡ  አስተማማኝ ሰፊ ፓርኪንግ ያላቸው መሆናቸውን በታላቅ ደስታ እናበስራለን🙏🙏🙏"
@sinayelj,16420,2025-06-17 15:36:48+00:00,"Rabbit Fancy Dress Animal Fancy Dress Costumes Rabbit 

2700 birr 

0909003864
0905707448  

ሊንኩን በመጫን ቴሌግራማችንን [ይቀላቀሉhttps://t.me/sinayelj](https://t.me/sinayelj)

እቃ ለማዘዝ ከስር ያለውን ሊንኮች በመጫን ማዘዝ ትችላላቹ  

@sinasinaye

[https://t.me/sinayelj2](https://t.me/sinayelj2)

አድራሻ

 1️⃣ቁጥር1 ገርጂ ኢምፔሪያል ከሳሚ ህንፃ ጎን አልፎዝ ፕላዛ ግራውንድ ላይ እንደገቡ ያገኙናል

2️⃣ቁጥር2 4ኪሎ ቅድስት ስላሴ ህንፃ ማለትም ከብልፅግና ዋናፅፈት ቤት ህንፃ በስተ ቀኝ ባለው አስፓልት 20ሜትር ዝቅ እንዳሉ ሀበሻ ኮፊ የሚገኝበት ቀይ ሸክላ ህንፃ 2ተኛ ፎቅ ላይ ያገኙናል

ክቡራን ደምበኞቻችን ገርጂ አልፎዝ ፕላዛ ላይ አራት ኪሎ ቅድስት ስላሴ ያሉት ሱቆቻችን ሲመጡ  አስተማማኝ ሰፊ ፓርኪንግ ያላቸው መሆናቸውን በታላቅ ደስታ እናበስራለን🙏🙏🙏"
@sinayelj,16415,2025-06-17 13:42:34+00:00,"Silicone Baby Water Bottle Nano Liquid Imitated Breast Milk Wide Mouth Baby Bottle Outdoor Activity With Handle Straw 

150 ml 2200 birr 
250 ml 2300 birr 

✅ለልጆ ኦሪጅናል በቀጥታ ከካምፓኒ የሚመጡ እቃዎችን በቅናሽ ዋጋ የሚያገኙበት ቦታ SINA KIDS/ሲና ኪድስⓇ ጥራታቸውን ባልጠበቁ እቃዎች ልጆን አደጋ ላይ እንዳይጥሉ ይጠንቀቁ

0909003864
0905707448  

ሊንኩን በመጫን ቴሌግራማችንን [ይቀላቀሉhttps://t.me/sinayelj](https://t.me/sinayelj)

እቃ ለማዘዝ ከስር ያለውን ሊንኮች በመጫን ማዘዝ ትችላላቹ  

@sinasinaye

[https://t.me/sinayelj2](https://t.me/sinayelj2)

አድራሻ

 1️⃣ቁጥር1 ገርጂ ኢምፔሪያል ከሳሚ ህንፃ ጎን አልፎዝ ፕላዛ ግራውንድ ላይ እንደገቡ ያገኙናል

2️⃣ቁጥር2 4ኪሎ ቅድስት ስላሴ ህንፃ ማለትም ከብልፅግና ዋናፅፈት ቤት ህንፃ በስተ ቀኝ ባለው አስፓልት 20ሜትር ዝቅ እንዳሉ ሀበሻ ኮፊ የሚገኝበት ቀይ ሸክላ ህንፃ 2ተኛ ፎቅ ላይ ያገኙናል

ክቡራን ደምበኞቻችን ገርጂ አልፎዝ ፕላዛ ላይ አራት ኪሎ ቅድስት ስላሴ ያሉት ሱቆቻችን ሲመጡ  አስተማማኝ ሰፊ ፓርኪንግ ያላቸው መሆናቸውን በታላቅ ደስታ እናበስራለን🙏🙏🙏"
@sinayelj,16406,2025-06-17 13:14:59+00:00,"ወንበር ላይ መገጠም የሚችል እንዲሁም እራሱን ችሎ የሚቀመጥ የልጆች መመገቢያ
ሳይዝ ከፍ ያለው ሳይዝ  8500  ብር  

✅ለልጆ ኦሪጅናል በቀጥታ ከካምፓኒ የሚመጡ እቃዎችን በቅናሽ ዋጋ የሚያገኙበት ቦታ SINA KIDS/ሲና ኪድስⓇ ጥራታቸውን ባልጠበቁ እቃዎች ልጆን አደጋ ላይ እንዳይጥሉ ይጠንቀቁ

0909003864
0905707448  

ሊንኩን በመጫን ቴሌግራማችንን [ይቀላቀሉhttps://t.me/sinayelj](https://t.me/sinayelj)

እቃ ለማዘዝ ከስር ያለውን ሊንኮች በመጫን ማዘዝ ትችላላቹ  

@sinasinaye

[https://t.me/sinayelj2](https://t.me/sinayelj2)

አድራሻ

 1️⃣ቁጥር1 ገርጂ ኢምፔሪያል ከሳሚ ህንፃ ጎን አልፎዝ ፕላዛ ግራውንድ ላይ እንደገቡ ያገኙናል

2️⃣ቁጥር2 4ኪሎ ቅድስት ስላሴ ህንፃ ማለትም ከብልፅግና ዋናፅፈት ቤት ህንፃ በስተ ቀኝ ባለው አስፓልት 20ሜትር ዝቅ እንዳሉ ሀበሻ ኮፊ የሚገኝበት ቀይ ሸክላ ህንፃ 2ተኛ ፎቅ ላይ ያገኙናል

ክቡራን ደምበኞቻችን ገርጂ አልፎዝ ፕላዛ ላይ አራት ኪሎ ቅድስት ስላሴ ያሉት ሱቆቻችን ሲመጡ  አስተማማኝ ሰፊ ፓርኪንግ ያላቸው መሆናቸውን በታላቅ ደስታ እናበስራለን🙏🙏🙏"
@sinayelj,16397,2025-06-17 13:11:02+00:00,"👉ለአጭር ጊዜ የሚቆይ ቅናሽ

Mastela deluxe multi-functional bassinet
አልቋል ላልናቹ ደምበኞች በድጋሚ ገብቷል
በሶኬት እና በባትሪ የሚሰራ
ከግራ ወደቀኝ እየተንቀሳቀሰ ልጆችን እሹሩሩ እያለ የሚያጫውት የሚያስተኛ
በሪሞት ኮንትሮል መቆጣጠር የሚቻል የራሱ ሪሞት ያለው
የራሱ ሙዚቃዎች ያሉት እንዲሁም
በብሉቱዝ ከስልካችን ጋር አገናኝተን የምንፈልገውን ሙዚቃ ማጫዎት እንችላለን
ዩ ኤስ ቢ ፍላሽም መቀበል ስለሚችል በፍላሽ የፈለግነውን ሙዚቃ ማጫዎት እንችላለን
ስለእቃው የበለጠ ለማየት ከስር ያለውን ቪዲዮ ይመልከቱ
ከሌሎቹ እቃዎች ይሄን ለየት የሚያደርገው ደሞ ህፃናት አድገውም እንደ ወንበር ያገለግላቸዋል ስለዚም ለብዙ ጊዜ መጠቀም ያስችላል

👉ዋጋ 15000ብር

ሳያልቅቦት ቶሎ በጆ ያስገቡ
Free delivery
ከስር ያለውን ቪዲዮ ይመልከቱ

0909003864
0905707448  

ሊንኩን በመጫን ቴሌግራማችንን [ይቀላቀሉ](https://t.me/sinayelj)[https://t.me/sinayelj](https://t.me/sinayelj)

እቃ ለማዘዝ ከስር ያለውን ሊንኮች በመጫን ማዘዝ ትችላላቹ  

@sinasinaye

[https://t.me/sinayelj2](https://t.me/sinayelj2)

አድራሻ

 1️⃣ቁጥር1 ገርጂ ኢምፔሪያል ከሳሚ ህንፃ ጎን አልፎዝ ፕላዛ ግራውንድ ላይ እንደገቡ ያገኙናል

2️⃣ቁጥር2 4ኪሎ ቅድስት ስላሴ ህንፃ ማለትም ከብልፅግና ዋናፅፈት ቤት ህንፃ በስተ ቀኝ ባለው አስፓልት 20ሜትር ዝቅ እንዳሉ ሀበሻ ኮፊ የሚገኝበት ቀይ ሸክላ ህንፃ 2ተኛ ፎቅ ላይ ያገኙናል

ክቡራን ደምበኞቻችን ገርጂ አልፎዝ ፕላዛ ላይ አራት ኪሎ ቅድስት ስላሴ ያሉት ሱቆቻችን ሲመጡ  አስተማማኝ ሰፊ ፓርኪንግ ያላቸው መሆናቸውን በታላቅ ደስታ እናበስራለን🙏🙏🙏"
@sinayelj,16394,2025-06-15 11:29:06+00:00,"Baby sofa

 4500 birr
Free delivery 

✅ለልጆ ኦሪጅናል በቀጥታ ከካምፓኒ የሚመጡ እቃዎችን በቅናሽ ዋጋ የሚያገኙበት ቦታ SINA KIDS/ሲና ኪድስⓇ ጥራታቸውን ባልጠበቁ እቃዎች ልጆን አደጋ ላይ እንዳይጥሉ ይጠንቀቁ

0909003864
0905707448  

ሊንኩን በመጫን ቴሌግራማችንን [ይቀላቀሉhttps://t.me/sinayelj](https://t.me/sinayelj)

እቃ ለማዘዝ ከስር ያለውን ሊንኮች በመጫን ማዘዝ ትችላላቹ  

@sinasinaye

[https://t.me/sinayelj2](https://t.me/sinayelj2)

አድራሻ

 1️⃣ቁጥር1 ገርጂ ኢምፔሪያል ከሳሚ ህንፃ ጎን አልፎዝ ፕላዛ ግራውንድ ላይ እንደገቡ ያገኙናል

2️⃣ቁጥር2 4ኪሎ ቅድስት ስላሴ ህንፃ ማለትም ከብልፅግና ዋናፅፈት ቤት ህንፃ በስተ ቀኝ ባለው አስፓልት 20ሜትር ዝቅ እንዳሉ ሀበሻ ኮፊ የሚገኝበት ቀይ ሸክላ ህንፃ 2ተኛ ፎቅ ላይ ያገኙናል

ክቡራን ደምበኞቻችን ገርጂ አልፎዝ ፕላዛ ላይ አራት ኪሎ ቅድስት ስላሴ ያሉት ሱቆቻችን ሲመጡ  አስተማማኝ ሰፊ ፓርኪንግ ያላቸው መሆናቸውን በታላቅ ደስታ እናበስራለን🙏🙏🙏"
@sinayelj,16393,2025-06-14 16:35:37+00:00,ክቡራን ደምበኞቻችን እሁድ ገርጂ ኢምፔሪያል አልፎዝ ፕላዛ ግራዉንድ ላይ የሚገኘው ሱቃችን ከጠዋት 4 ሰሀት ጀምሮ ክፍት መሆኑን ስንገልፅ በታላቅ አክብሮት ነው 🙏
@sinayelj,16390,2025-06-14 15:27:30+00:00,"High quality 3 pcs baby clothes 

2300 birr 

✅ለልጆ ኦሪጅናል በቀጥታ ከካምፓኒ የሚመጡ እቃዎችን በቅናሽ ዋጋ የሚያገኙበት ቦታ SINA KIDS/ሲና ኪድስⓇ ጥራታቸውን ባልጠበቁ እቃዎች ልጆን አደጋ ላይ እንዳይጥሉ ይጠንቀቁ

0909003864
0905707448  

ሊንኩን በመጫን ቴሌግራማችንን [ይቀላቀሉhttps://t.me/sinayelj](https://t.me/sinayelj)

እቃ ለማዘዝ ከስር ያለውን ሊንኮች በመጫን ማዘዝ ትችላላቹ  

@sinasinaye

[https://t.me/sinayelj2](https://t.me/sinayelj2)

አድራሻ

 1️⃣ቁጥር1 ገርጂ ኢምፔሪያል ከሳሚ ህንፃ ጎን አልፎዝ ፕላዛ ግራውንድ ላይ እንደገቡ ያገኙናል

2️⃣ቁጥር2 4ኪሎ ቅድስት ስላሴ ህንፃ ማለትም ከብልፅግና ዋናፅፈት ቤት ህንፃ በስተ ቀኝ ባለው አስፓልት 20ሜትር ዝቅ እንዳሉ ሀበሻ ኮፊ የሚገኝበት ቀይ ሸክላ ህንፃ 2ተኛ ፎቅ ላይ ያገኙናል

ክቡራን ደምበኞቻችን ገርጂ አልፎዝ ፕላዛ ላይ አራት ኪሎ ቅድስት ስላሴ ያሉት ሱቆቻችን ሲመጡ  አስተማማኝ ሰፊ ፓርኪንግ ያላቸው መሆናቸውን በታላቅ ደስታ እናበስራለን🙏🙏🙏"
@sinayelj,16387,2025-06-14 14:16:10+00:00,"የለልጆች ዥዋዥዌ
35 ኪሎ ድረስ የሚሸከም

ዲዛይኑ ልጆች የሚወዱት
ባትሪ ገብቶ ሙዚቃ ያለው

13000ብር
Free delivery 

0909003864
0905707448  

ሊንኩን በመጫን ቴሌግራማችንን [ይቀላቀሉ](https://t.me/sinayelj)[https://t.me/sinayelj](https://t.me/sinayelj)

እቃ ለማዘዝ ከስር ያለውን ሊንኮች በመጫን ማዘዝ ትችላላቹ  

@sinasinaye

[https://t.me/sinayelj2](https://t.me/sinayelj2)

አድራሻ

 1️⃣ቁጥር1 ገርጂ ኢምፔሪያል ከሳሚ ህንፃ ጎን አልፎዝ ፕላዛ ግራውንድ ላይ እንደገቡ ያገኙናል

2️⃣ቁጥር2 4ኪሎ ቅድስት ስላሴ ህንፃ ማለትም ከብልፅግና ዋናፅፈት ቤት ህንፃ በስተ ቀኝ ባለው አስፓልት 20ሜትር ዝቅ እንዳሉ ሀበሻ ኮፊ የሚገኝበት ቀይ ሸክላ ህንፃ 2ተኛ ፎቅ ላይ ያገኙናል

ክቡራን ደምበኞቻችን ገርጂ አልፎዝ ፕላዛ ላይ አራት ኪሎ ቅድስት ስላሴ ያሉት ሱቆቻችን ሲመጡ  አስተማማኝ ሰፊ ፓርኪንግ ያላቸው መሆናቸውን በታላቅ ደስታ እናበስራለን🙏🙏🙏"
@sinayelj,16382,2025-06-14 14:15:29+00:00,"Baby bath toys 

1200 birr 

✅ለልጆ ኦሪጅናል በቀጥታ ከካምፓኒ የሚመጡ እቃዎችን በቅናሽ ዋጋ የሚያገኙበት ቦታ SINA KIDS/ሲና ኪድስⓇ ጥራታቸውን ባልጠበቁ እቃዎች ልጆን አደጋ ላይ እንዳይጥሉ ይጠንቀቁ

0909003864
0905707448  

ሊንኩን በመጫን ቴሌግራማችንን [ይቀላቀሉhttps://t.me/sinayelj](https://t.me/sinayelj)

እቃ ለማዘዝ ከስር ያለውን ሊንኮች በመጫን ማዘዝ ትችላላቹ  

@sinasinaye

[https://t.me/sinayelj2](https://t.me/sinayelj2)

አድራሻ

 1️⃣ቁጥር1 ገርጂ ኢምፔሪያል ከሳሚ ህንፃ ጎን አልፎዝ ፕላዛ ግራውንድ ላይ እንደገቡ ያገኙናል

2️⃣ቁጥር2 4ኪሎ ቅድስት ስላሴ ህንፃ ማለትም ከብልፅግና ዋናፅፈት ቤት ህንፃ በስተ ቀኝ ባለው አስፓልት 20ሜትር ዝቅ እንዳሉ ሀበሻ ኮፊ የሚገኝበት ቀይ ሸክላ ህንፃ 2ተኛ ፎቅ ላይ ያገኙናል

ክቡራን ደምበኞቻችን ገርጂ አልፎዝ ፕላዛ ላይ አራት ኪሎ ቅድስት ስላሴ ያሉት ሱቆቻችን ሲመጡ  አስተማማኝ ሰፊ ፓርኪንግ ያላቸው መሆናቸውን በታላቅ ደስታ እናበስራለን🙏🙏🙏"
@sinayelj,16375,2025-06-14 14:14:40+00:00,"Pucket board game 

💥ማሳሰቢያ ከታች በቪዲዮ ላይ የምትመለከቱት የእንጨት ቦርድ መጫወቻውን ለማሳየት ነው እንጂ እኛ ጋር ያለው የፕላስቲክ መሆኑን በታላቅ አክብሮት እንገልፃለን

1500 birr 

✅ለልጆ ኦሪጅናል በቀጥታ ከካምፓኒ የሚመጡ እቃዎችን በቅናሽ ዋጋ የሚያገኙበት ቦታ SINA KIDS/ሲና ኪድስⓇ ጥራታቸውን ባልጠበቁ እቃዎች ልጆን አደጋ ላይ እንዳይጥሉ ይጠንቀቁ

0909003864
0905707448  

ሊንኩን በመጫን ቴሌግራማችንን [ይቀላቀሉhttps://t.me/sinayelj](https://t.me/sinayelj)

እቃ ለማዘዝ ከስር ያለውን ሊንኮች በመጫን ማዘዝ ትችላላቹ  

@sinasinaye

[https://t.me/sinayelj2](https://t.me/sinayelj2)

አድራሻ

 1️⃣ቁጥር1 ገርጂ ኢምፔሪያል ከሳሚ ህንፃ ጎን አልፎዝ ፕላዛ ግራውንድ ላይ እንደገቡ ያገኙናል

2️⃣ቁጥር2 4ኪሎ ቅድስት ስላሴ ህንፃ ማለትም ከብልፅግና ዋናፅፈት ቤት ህንፃ በስተ ቀኝ ባለው አስፓልት 20ሜትር ዝቅ እንዳሉ ሀበሻ ኮፊ የሚገኝበት ቀይ ሸክላ ህንፃ 2ተኛ ፎቅ ላይ ያገኙናል

ክቡራን ደምበኞቻችን ገርጂ አልፎዝ ፕላዛ ላይ አራት ኪሎ ቅድስት ስላሴ ያሉት ሱቆቻችን ሲመጡ  አስተማማኝ ሰፊ ፓርኪንግ ያላቸው መሆናቸውን በታላቅ ደስታ እናበስራለን🙏🙏🙏"
@sinayelj,16370,2025-06-11 13:47:34+00:00,"Different types of blocking 

2800 birr 

Free delivery 

✅ለልጆ ኦሪጅናል በቀጥታ ከካምፓኒ የሚመጡ እቃዎችን በቅናሽ ዋጋ የሚያገኙበት ቦታ SINA KIDS/ሲና ኪድስⓇ ጥራታቸውን ባልጠበቁ እቃዎች ልጆን አደጋ ላይ እንዳይጥሉ ይጠንቀቁ

0909003864
0905707448  

ሊንኩን በመጫን ቴሌግራማችንን [ይቀላቀሉhttps://t.me/sinayelj](https://t.me/sinayelj)

እቃ ለማዘዝ ከስር ያለውን ሊንኮች በመጫን ማዘዝ ትችላላቹ  

@sinasinaye

[https://t.me/sinayelj2](https://t.me/sinayelj2)

አድራሻ

 1️⃣ቁጥር1 ገርጂ ኢምፔሪያል ከሳሚ ህንፃ ጎን አልፎዝ ፕላዛ ግራውንድ ላይ እንደገቡ ያገኙናል

2️⃣ቁጥር2 4ኪሎ ቅድስት ስላሴ ህንፃ ማለትም ከብልፅግና ዋናፅፈት ቤት ህንፃ በስተ ቀኝ ባለው አስፓልት 20ሜትር ዝቅ እንዳሉ ሀበሻ ኮፊ የሚገኝበት ቀይ ሸክላ ህንፃ 2ተኛ ፎቅ ላይ ያገኙናል

ክቡራን ደምበኞቻችን ገርጂ አልፎዝ ፕላዛ ላይ አራት ኪሎ ቅድስት ስላሴ ያሉት ሱቆቻችን ሲመጡ  አስተማማኝ ሰፊ ፓርኪንግ ያላቸው መሆናቸውን በታላቅ ደስታ እናበስራለን🙏🙏🙏"
@sinayelj,16363,2025-06-11 13:44:12+00:00,"Big size scooter 

እጁ መታጠፋ መዘርጋት ይችላል

ወደግራ ወደቀኝ መሪው ይንቀሳቀሳል

10500 birr 

✅ለልጆ ኦሪጅናል በቀጥታ ከካምፓኒ የሚመጡ እቃዎችን በቅናሽ ዋጋ የሚያገኙበት ቦታ SINA KIDS/ሲና ኪድስⓇ ጥራታቸውን ባልጠበቁ እቃዎች ልጆን አደጋ ላይ እንዳይጥሉ ይጠንቀቁ

0909003864
0905707448  

ሊንኩን በመጫን ቴሌግራማችንን [ይቀላቀሉhttps://t.me/sinayelj](https://t.me/sinayelj)

እቃ ለማዘዝ ከስር ያለውን ሊንኮች በመጫን ማዘዝ ትችላላቹ  

@sinasinaye

[https://t.me/sinayelj2](https://t.me/sinayelj2)

አድራሻ

 1️⃣ቁጥር1 ገርጂ ኢምፔሪያል ከሳሚ ህንፃ ጎን አልፎዝ ፕላዛ ግራውንድ ላይ እንደገቡ ያገኙናል

2️⃣ቁጥር2 4ኪሎ ቅድስት ስላሴ ህንፃ ማለትም ከብልፅግና ዋናፅፈት ቤት ህንፃ በስተ ቀኝ ባለው አስፓልት 20ሜትር ዝቅ እንዳሉ ሀበሻ ኮፊ የሚገኝበት ቀይ ሸክላ ህንፃ 2ተኛ ፎቅ ላይ ያገኙናል

ክቡራን ደምበኞቻችን ገርጂ አልፎዝ ፕላዛ ላይ አራት ኪሎ ቅድስት ስላሴ ያሉት ሱቆቻችን ሲመጡ  አስተማማኝ ሰፊ ፓርኪንግ ያላቸው መሆናቸውን በታላቅ ደስታ እናበስራለን🙏🙏🙏"
@sinayelj,16358,2025-06-11 13:39:18+00:00,"Big size scooter 

እጁ መታጠፋ መዘርጋት ይችላል

ወደግራ ወደቀኝ መሪው ይንቀሳቀሳል

11500 birr 

✅ለልጆ ኦሪጅናል በቀጥታ ከካምፓኒ የሚመጡ እቃዎችን በቅናሽ ዋጋ የሚያገኙበት ቦታ SINA KIDS/ሲና ኪድስⓇ ጥራታቸውን ባልጠበቁ እቃዎች ልጆን አደጋ ላይ እንዳይጥሉ ይጠንቀቁ

0909003864
0905707448  

ሊንኩን በመጫን ቴሌግራማችንን [ይቀላቀሉhttps://t.me/sinayelj](https://t.me/sinayelj)

እቃ ለማዘዝ ከስር ያለውን ሊንኮች በመጫን ማዘዝ ትችላላቹ  

@sinasinaye

[https://t.me/sinayelj2](https://t.me/sinayelj2)

አድራሻ

 1️⃣ቁጥር1 ገርጂ ኢምፔሪያል ከሳሚ ህንፃ ጎን አልፎዝ ፕላዛ ግራውንድ ላይ እንደገቡ ያገኙናል

2️⃣ቁጥር2 4ኪሎ ቅድስት ስላሴ ህንፃ ማለትም ከብልፅግና ዋናፅፈት ቤት ህንፃ በስተ ቀኝ ባለው አስፓልት 20ሜትር ዝቅ እንዳሉ ሀበሻ ኮፊ የሚገኝበት ቀይ ሸክላ ህንፃ 2ተኛ ፎቅ ላይ ያገኙናል

ክቡራን ደምበኞቻችን ገርጂ አልፎዝ ፕላዛ ላይ አራት ኪሎ ቅድስት ስላሴ ያሉት ሱቆቻችን ሲመጡ  አስተማማኝ ሰፊ ፓርኪንግ ያላቸው መሆናቸውን በታላቅ ደስታ እናበስራለን🙏🙏🙏"
@sinayelj,16355,2025-06-11 13:32:59+00:00,"Stainless steel Cup

1100 birr 

✅ለልጆ ኦሪጅናል በቀጥታ ከካምፓኒ የሚመጡ እቃዎችን በቅናሽ ዋጋ የሚያገኙበት ቦታ SINA KIDS/ሲና ኪድስⓇ ጥራታቸውን ባልጠበቁ እቃዎች ልጆን አደጋ ላይ እንዳይጥሉ ይጠንቀቁ

0909003864
0905707448  

ሊንኩን በመጫን ቴሌግራማችንን [ይቀላቀሉhttps://t.me/sinayelj](https://t.me/sinayelj)

እቃ ለማዘዝ ከስር ያለውን ሊንኮች በመጫን ማዘዝ ትችላላቹ  

@sinasinaye

[https://t.me/sinayelj2](https://t.me/sinayelj2)

አድራሻ

 1️⃣ቁጥር1 ገርጂ ኢምፔሪያል ከሳሚ ህንፃ ጎን አልፎዝ ፕላዛ ግራውንድ ላይ እንደገቡ ያገኙናል

2️⃣ቁጥር2 4ኪሎ ቅድስት ስላሴ ህንፃ ማለትም ከብልፅግና ዋናፅፈት ቤት ህንፃ በስተ ቀኝ ባለው አስፓልት 20ሜትር ዝቅ እንዳሉ ሀበሻ ኮፊ የሚገኝበት ቀይ ሸክላ ህንፃ 2ተኛ ፎቅ ላይ ያገኙናል

ክቡራን ደምበኞቻችን ገርጂ አልፎዝ ፕላዛ ላይ አራት ኪሎ ቅድስት ስላሴ ያሉት ሱቆቻችን ሲመጡ  አስተማማኝ ሰፊ ፓርኪንግ ያላቸው መሆናቸውን በታላቅ ደስታ እናበስራለን🙏🙏🙏"
@sinayelj,16352,2025-06-11 13:32:18+00:00,"1000mL cup 

1000 birr 

✅ለልጆ ኦሪጅናል በቀጥታ ከካምፓኒ የሚመጡ እቃዎችን በቅናሽ ዋጋ የሚያገኙበት ቦታ SINA KIDS/ሲና ኪድስⓇ ጥራታቸውን ባልጠበቁ እቃዎች ልጆን አደጋ ላይ እንዳይጥሉ ይጠንቀቁ

0909003864
0905707448  

ሊንኩን በመጫን ቴሌግራማችንን [ይቀላቀሉhttps://t.me/sinayelj](https://t.me/sinayelj)

እቃ ለማዘዝ ከስር ያለውን ሊንኮች በመጫን ማዘዝ ትችላላቹ  

@sinasinaye

[https://t.me/sinayelj2](https://t.me/sinayelj2)

አድራሻ

 1️⃣ቁጥር1 ገርጂ ኢምፔሪያል ከሳሚ ህንፃ ጎን አልፎዝ ፕላዛ ግራውንድ ላይ እንደገቡ ያገኙናል

2️⃣ቁጥር2 4ኪሎ ቅድስት ስላሴ ህንፃ ማለትም ከብልፅግና ዋናፅፈት ቤት ህንፃ በስተ ቀኝ ባለው አስፓልት 20ሜትር ዝቅ እንዳሉ ሀበሻ ኮፊ የሚገኝበት ቀይ ሸክላ ህንፃ 2ተኛ ፎቅ ላይ ያገኙናል

ክቡራን ደምበኞቻችን ገርጂ አልፎዝ ፕላዛ ላይ አራት ኪሎ ቅድስት ስላሴ ያሉት ሱቆቻችን ሲመጡ  አስተማማኝ ሰፊ ፓርኪንግ ያላቸው መሆናቸውን በታላቅ ደስታ እናበስራለን🙏🙏🙏"
@sinayelj,16349,2025-06-11 13:31:13+00:00,"Strow cup 

750 birr 

✅ለልጆ ኦሪጅናል በቀጥታ ከካምፓኒ የሚመጡ እቃዎችን በቅናሽ ዋጋ የሚያገኙበት ቦታ SINA KIDS/ሲና ኪድስⓇ ጥራታቸውን ባልጠበቁ እቃዎች ልጆን አደጋ ላይ እንዳይጥሉ ይጠንቀቁ

0909003864
0905707448  

ሊንኩን በመጫን ቴሌግራማችንን [ይቀላቀሉhttps://t.me/sinayelj](https://t.me/sinayelj)

እቃ ለማዘዝ ከስር ያለውን ሊንኮች በመጫን ማዘዝ ትችላላቹ  

@sinasinaye

[https://t.me/sinayelj2](https://t.me/sinayelj2)

አድራሻ

 1️⃣ቁጥር1 ገርጂ ኢምፔሪያል ከሳሚ ህንፃ ጎን አልፎዝ ፕላዛ ግራውንድ ላይ እንደገቡ ያገኙናል

2️⃣ቁጥር2 4ኪሎ ቅድስት ስላሴ ህንፃ ማለትም ከብልፅግና ዋናፅፈት ቤት ህንፃ በስተ ቀኝ ባለው አስፓልት 20ሜትር ዝቅ እንዳሉ ሀበሻ ኮፊ የሚገኝበት ቀይ ሸክላ ህንፃ 2ተኛ ፎቅ ላይ ያገኙናል

ክቡራን ደምበኞቻችን ገርጂ አልፎዝ ፕላዛ ላይ አራት ኪሎ ቅድስት ስላሴ ያሉት ሱቆቻችን ሲመጡ  አስተማማኝ ሰፊ ፓርኪንግ ያላቸው መሆናቸውን በታላቅ ደስታ እናበስራለን🙏🙏🙏"
@sinayelj,16348,2025-06-11 13:25:10+00:00,"Sippy cup

850 birr 

✅ለልጆ ኦሪጅናል በቀጥታ ከካምፓኒ የሚመጡ እቃዎችን በቅናሽ ዋጋ የሚያገኙበት ቦታ SINA KIDS/ሲና ኪድስⓇ ጥራታቸውን ባልጠበቁ እቃዎች ልጆን አደጋ ላይ እንዳይጥሉ ይጠንቀቁ

0909003864
0905707448  

ሊንኩን በመጫን ቴሌግራማችንን [ይቀላቀሉhttps://t.me/sinayelj](https://t.me/sinayelj)

እቃ ለማዘዝ ከስር ያለውን ሊንኮች በመጫን ማዘዝ ትችላላቹ  

@sinasinaye

[https://t.me/sinayelj2](https://t.me/sinayelj2)

አድራሻ

 1️⃣ቁጥር1 ገርጂ ኢምፔሪያል ከሳሚ ህንፃ ጎን አልፎዝ ፕላዛ ግራውንድ ላይ እንደገቡ ያገኙናል

2️⃣ቁጥር2 4ኪሎ ቅድስት ስላሴ ህንፃ ማለትም ከብልፅግና ዋናፅፈት ቤት ህንፃ በስተ ቀኝ ባለው አስፓልት 20ሜትር ዝቅ እንዳሉ ሀበሻ ኮፊ የሚገኝበት ቀይ ሸክላ ህንፃ 2ተኛ ፎቅ ላይ ያገኙናል

ክቡራን ደምበኞቻችን ገርጂ አልፎዝ ፕላዛ ላይ አራት ኪሎ ቅድስት ስላሴ ያሉት ሱቆቻችን ሲመጡ  አስተማማኝ ሰፊ ፓርኪንግ ያላቸው መሆናቸውን በታላቅ ደስታ እናበስራለን🙏🙏🙏"
@sinayelj,16345,2025-06-11 13:21:58+00:00,"Kids Boys Girls Matching Elastic Braces Suspenders And Bow Tie Set Wedding Gift

700 birr 

✅ለልጆ ኦሪጅናል በቀጥታ ከካምፓኒ የሚመጡ እቃዎችን በቅናሽ ዋጋ የሚያገኙበት ቦታ SINA KIDS/ሲና ኪድስⓇ ጥራታቸውን ባልጠበቁ እቃዎች ልጆን አደጋ ላይ እንዳይጥሉ ይጠንቀቁ

0909003864
0905707448  

ሊንኩን በመጫን ቴሌግራማችንን [ይቀላቀሉhttps://t.me/sinayelj](https://t.me/sinayelj)

እቃ ለማዘዝ ከስር ያለውን ሊንኮች በመጫን ማዘዝ ትችላላቹ  

@sinasinaye

[https://t.me/sinayelj2](https://t.me/sinayelj2)

አድራሻ

 1️⃣ቁጥር1 ገርጂ ኢምፔሪያል ከሳሚ ህንፃ ጎን አልፎዝ ፕላዛ ግራውንድ ላይ እንደገቡ ያገኙናል

2️⃣ቁጥር2 4ኪሎ ቅድስት ስላሴ ህንፃ ማለትም ከብልፅግና ዋናፅፈት ቤት ህንፃ በስተ ቀኝ ባለው አስፓልት 20ሜትር ዝቅ እንዳሉ ሀበሻ ኮፊ የሚገኝበት ቀይ ሸክላ ህንፃ 2ተኛ ፎቅ ላይ ያገኙናል

ክቡራን ደምበኞቻችን ገርጂ አልፎዝ ፕላዛ ላይ አራት ኪሎ ቅድስት ስላሴ ያሉት ሱቆቻችን ሲመጡ  አስተማማኝ ሰፊ ፓርኪንግ ያላቸው መሆናቸውን በታላቅ ደስታ እናበስራለን🙏🙏🙏"
@sinayelj,16339,2025-06-11 13:18:40+00:00,"Baby girl 3 pcs headband 

450 birr

✅ለልጆ ኦሪጅናል በቀጥታ ከካምፓኒ የሚመጡ እቃዎችን በቅናሽ ዋጋ የሚያገኙበት ቦታ SINA KIDS/ሲና ኪድስⓇ ጥራታቸውን ባልጠበቁ እቃዎች ልጆን አደጋ ላይ እንዳይጥሉ ይጠንቀቁ

0909003864
0905707448  

ሊንኩን በመጫን ቴሌግራማችንን [ይቀላቀሉhttps://t.me/sinayelj](https://t.me/sinayelj)

እቃ ለማዘዝ ከስር ያለውን ሊንኮች በመጫን ማዘዝ ትችላላቹ  

@sinasinaye

[https://t.me/sinayelj2](https://t.me/sinayelj2)

አድራሻ

 1️⃣ቁጥር1 ገርጂ ኢምፔሪያል ከሳሚ ህንፃ ጎን አልፎዝ ፕላዛ ግራውንድ ላይ እንደገቡ ያገኙናል

2️⃣ቁጥር2 4ኪሎ ቅድስት ስላሴ ህንፃ ማለትም ከብልፅግና ዋናፅፈት ቤት ህንፃ በስተ ቀኝ ባለው አስፓልት 20ሜትር ዝቅ እንዳሉ ሀበሻ ኮፊ የሚገኝበት ቀይ ሸክላ ህንፃ 2ተኛ ፎቅ ላይ ያገኙናል

ክቡራን ደምበኞቻችን ገርጂ አልፎዝ ፕላዛ ላይ አራት ኪሎ ቅድስት ስላሴ ያሉት ሱቆቻችን ሲመጡ  አስተማማኝ ሰፊ ፓርኪንግ ያላቸው መሆናቸውን በታላቅ ደስታ እናበስራለን🙏🙏🙏"
